repository,pr_number,comment_id,comment_url,created_at,updated_at,exact_heading,message_variant,plan_stated,next_review_wait_stated,mutable_comment,retrieved_on,pr_open_to_limit_minutes,minutes_to_next_success_signal
llxprt-code,1979,4663789403,https://github.com/vybestack/llxprt-code/pull/1979#issuecomment-4663789403,2026-06-09T20:36:11Z,2026-06-09T23:33:36Z,Review limit reached,adaptive_fair_usage,Pro,,yes,2026-07-14,0.3,24.9
llxprt-code,1982,4672678485,https://github.com/vybestack/llxprt-code/pull/1982#issuecomment-4672678485,2026-06-10T17:25:57Z,2026-06-10T20:53:38Z,Review limit reached,adaptive_fair_usage,Pro,,yes,2026-07-14,0.4,14.7
llxprt-luther,32,4673143768,https://github.com/vybestack/llxprt-luther/pull/32#issuecomment-4673143768,2026-06-10T18:21:09Z,2026-06-10T18:21:09Z,Review limit reached,adaptive_fair_usage,Pro,,no,2026-07-14,0.1,207.1
llxprt-luther,33,4674850382,https://github.com/vybestack/llxprt-luther/pull/33#issuecomment-4674850382,2026-06-10T21:43:47Z,2026-06-10T22:11:47Z,Review limit reached,adaptive_fair_usage,Pro,,yes,2026-07-14,0.2,4.4
llxprt-luther,34,4675527435,https://github.com/vybestack/llxprt-luther/pull/34#issuecomment-4675527435,2026-06-10T23:07:21Z,2026-06-10T23:07:21Z,Review limit reached,adaptive_fair_usage,Pro,,no,2026-07-14,0.1,1263.7
llxprt-luther,35,4675737766,https://github.com/vybestack/llxprt-luther/pull/35#issuecomment-4675737766,2026-06-10T23:39:46Z,2026-06-10T23:39:46Z,Review limit reached,adaptive_fair_usage,Pro,,no,2026-07-14,0.1,1231.3
llxprt-luther,36,4675946167,https://github.com/vybestack/llxprt-luther/pull/36#issuecomment-4675946167,2026-06-11T00:18:34Z,2026-06-11T00:18:34Z,Review limit reached,adaptive_fair_usage,Pro,,no,2026-07-14,0.1,1192.5
llxprt-code,1994,4685227014,https://github.com/vybestack/llxprt-code/pull/1994#issuecomment-4685227014,2026-06-11T21:24:57Z,2026-06-11T22:33:10Z,Review limit reached,adaptive_fair_usage,Pro,,yes,2026-07-14,0.3,4.4
llxprt-code,1996,4685371765,https://github.com/vybestack/llxprt-code/pull/1996#issuecomment-4685371765,2026-06-11T21:43:58Z,2026-06-11T21:55:00Z,Review limit reached,adaptive_fair_usage,Pro,,yes,2026-07-14,0.2,7.1
llxprt-code,1998,4685667170,https://github.com/vybestack/llxprt-code/pull/1998#issuecomment-4685667170,2026-06-11T22:33:15Z,2026-06-12T18:14:47Z,Review limit reached,adaptive_fair_usage,Pro,,yes,2026-07-14,1.0,173.7
llxprt-luther,39,4686156513,https://github.com/vybestack/llxprt-luther/pull/39#issuecomment-4686156513,2026-06-12T00:06:00Z,2026-06-12T00:31:55Z,Review limit reached,adaptive_fair_usage,Pro,,yes,2026-07-14,0.2,8.8
llxprt-code,1999,4686430550,https://github.com/vybestack/llxprt-code/pull/1999#issuecomment-4686430550,2026-06-12T01:07:35Z,2026-06-12T04:14:55Z,Review limit reached,adaptive_fair_usage,Pro,,yes,2026-07-14,0.3,19.3
llxprt-luther,40,4686486824,https://github.com/vybestack/llxprt-luther/pull/40#issuecomment-4686486824,2026-06-12T01:20:40Z,2026-06-12T01:20:40Z,Review limit reached,adaptive_fair_usage,Pro,,no,2026-07-14,0.1,143.3
llxprt-luther,41,4686645961,https://github.com/vybestack/llxprt-luther/pull/41#issuecomment-4686645961,2026-06-12T01:57:16Z,2026-06-12T01:57:16Z,Review limit reached,adaptive_fair_usage,Pro,,no,2026-07-14,0.1,106.8
llxprt-luther,42,4686771601,https://github.com/vybestack/llxprt-luther/pull/42#issuecomment-4686771601,2026-06-12T02:24:23Z,2026-06-12T02:24:23Z,Review limit reached,adaptive_fair_usage,Pro,,no,2026-07-14,0.1,79.6
llxprt-luther,43,4686936138,https://github.com/vybestack/llxprt-luther/pull/43#issuecomment-4686936138,2026-06-12T03:03:37Z,2026-06-12T03:03:37Z,Review limit reached,adaptive_fair_usage,Pro,,no,2026-07-14,2.5,40.4
llxprt-luther,44,4687118288,https://github.com/vybestack/llxprt-luther/pull/44#issuecomment-4687118288,2026-06-12T03:38:03Z,2026-06-12T04:05:02Z,Review limit reached,adaptive_fair_usage,Pro,,yes,2026-07-14,0.2,6.0
llxprt-luther,45,4687503875,https://github.com/vybestack/llxprt-luther/pull/45#issuecomment-4687503875,2026-06-12T04:35:01Z,2026-06-12T04:35:01Z,Review limit reached,adaptive_fair_usage,Pro,,no,2026-07-14,0.1,5149.8
llxprt-luther,46,4688217932,https://github.com/vybestack/llxprt-luther/pull/46#issuecomment-4688217932,2026-06-12T06:52:33Z,2026-06-12T06:52:33Z,Review limit reached,adaptive_fair_usage,Pro,,no,2026-07-14,0.1,5012.2
llxprt-code,2004,4688623745,https://github.com/vybestack/llxprt-code/pull/2004#issuecomment-4688623745,2026-06-12T07:30:43Z,2026-06-12T08:53:20Z,Review limit reached,adaptive_fair_usage,Pro,,yes,2026-07-14,0.2,6.5
llxprt-jefe,61,4694060956,https://github.com/vybestack/llxprt-jefe/pull/61#issuecomment-4694060956,2026-06-12T18:20:04Z,2026-06-12T18:30:53Z,Review limit reached,adaptive_fair_usage,Pro,,yes,2026-07-14,0.2,10.8
llxprt-code,2007,4695472566,https://github.com/vybestack/llxprt-code/pull/2007#issuecomment-4695472566,2026-06-12T21:07:23Z,2026-06-12T21:07:23Z,Review limit reached,adaptive_fair_usage,Pro,,no,2026-07-14,0.1,47.0
llxprt-code,2043,4708770980,https://github.com/vybestack/llxprt-code/pull/2043#issuecomment-4708770980,2026-06-15T14:07:50Z,2026-06-15T19:42:59Z,Review limit reached,adaptive_fair_usage,Pro Plus,,yes,2026-07-14,0.3,109.8
llxprt-code,2046,4709832502,https://github.com/vybestack/llxprt-code/pull/2046#issuecomment-4709832502,2026-06-15T16:02:52Z,2026-06-15T18:56:14Z,Review limit reached,adaptive_fair_usage,Pro Plus,,yes,2026-07-14,10.3,631.9
llxprt-luther,54,4710189942,https://github.com/vybestack/llxprt-luther/pull/54#issuecomment-4710189942,2026-06-15T16:45:07Z,2026-06-15T16:45:07Z,Review limit reached,adaptive_fair_usage,Pro Plus,,no,2026-07-14,0.1,99.7
llxprt-luther,55,4710608731,https://github.com/vybestack/llxprt-luther/pull/55#issuecomment-4710608731,2026-06-15T17:37:02Z,2026-06-15T17:37:02Z,Review limit reached,adaptive_fair_usage,Pro Plus,,no,2026-07-14,0.1,47.8
llxprt-luther,56,4711006037,https://github.com/vybestack/llxprt-luther/pull/56#issuecomment-4711006037,2026-06-15T18:17:59Z,2026-06-15T18:46:14Z,Review limit reached,adaptive_fair_usage,Pro Plus,,yes,2026-07-14,0.2,6.8
llxprt-luther,58,4712501464,https://github.com/vybestack/llxprt-luther/pull/58#issuecomment-4712501464,2026-06-15T21:14:20Z,2026-06-15T21:40:20Z,Review limit reached,adaptive_fair_usage,Pro Plus,,yes,2026-07-14,0.2,5.2
llxprt-luther,59,4712916973,https://github.com/vybestack/llxprt-luther/pull/59#issuecomment-4712916973,2026-06-15T22:15:51Z,2026-06-15T22:35:02Z,Review limit reached,adaptive_fair_usage,Pro Plus,,yes,2026-07-14,0.2,4.8
llxprt-code,2101,4745752284,https://github.com/vybestack/llxprt-code/pull/2101#issuecomment-4745752284,2026-06-18T20:10:47Z,2026-06-18T23:54:15Z,Review limit reached,adaptive_fair_usage,Pro Plus,,yes,2026-07-14,0.3,19.0
llxprt-jefe,77,4746527217,https://github.com/vybestack/llxprt-jefe/pull/77#issuecomment-4746527217,2026-06-18T22:10:09Z,2026-06-18T22:15:04Z,Review limit reached,adaptive_fair_usage,Pro Plus,,yes,2026-07-14,0.1,4.9
llxprt-jefe,84,4783338767,https://github.com/vybestack/llxprt-jefe/pull/84#issuecomment-4783338767,2026-06-23T20:47:58Z,2026-06-23T21:12:26Z,Review limit reached,adaptive_fair_usage,Pro Plus,,yes,2026-07-14,0.2,181.6
llxprt-code,2141,4783414483,https://github.com/vybestack/llxprt-code/pull/2141#issuecomment-4783414483,2026-06-23T20:58:54Z,2026-06-23T21:11:45Z,Review limit reached,adaptive_fair_usage,Pro Plus,,yes,2026-07-14,0.3,4.2
llxprt-code,2142,4784207209,https://github.com/vybestack/llxprt-code/pull/2142#issuecomment-4784207209,2026-06-23T23:01:23Z,2026-06-24T01:48:18Z,Review limit reached,adaptive_fair_usage,Pro Plus,,yes,2026-07-14,0.3,6.3
llxprt-jefe,85,4784525452,https://github.com/vybestack/llxprt-jefe/pull/85#issuecomment-4784525452,2026-06-23T23:44:46Z,2026-06-23T23:52:41Z,Review limit reached,adaptive_fair_usage,Pro Plus,,yes,2026-07-14,0.1,4.8
llxprt-jefe,86,4785079178,https://github.com/vybestack/llxprt-jefe/pull/86#issuecomment-4785079178,2026-06-24T01:30:35Z,2026-06-24T01:30:35Z,Review limit reached,adaptive_fair_usage,Pro Plus,,no,2026-07-14,0.1,235.6
llxprt-luther,64,4785313920,https://github.com/vybestack/llxprt-luther/pull/64#issuecomment-4785313920,2026-06-24T02:18:56Z,2026-06-24T02:18:56Z,Review limit reached,adaptive_fair_usage,Pro Plus,,no,2026-07-14,0.2,304.3
llxprt-jefe,88,4786140594,https://github.com/vybestack/llxprt-jefe/pull/88#issuecomment-4786140594,2026-06-24T05:20:56Z,2026-06-24T05:30:49Z,Review limit reached,adaptive_fair_usage,Pro Plus,,yes,2026-07-14,0.2,5.2
llxprt-code,2148,4786236378,https://github.com/vybestack/llxprt-code/pull/2148#issuecomment-4786236378,2026-06-24T05:39:29Z,2026-06-24T17:07:40Z,Review limit reached,adaptive_fair_usage,Pro Plus,,yes,2026-07-14,0.3,4.2
llxprt-code,2149,4786350654,https://github.com/vybestack/llxprt-code/pull/2149#issuecomment-4786350654,2026-06-24T06:02:53Z,2026-06-25T02:05:35Z,Review limit reached,adaptive_fair_usage,Pro Plus,,yes,2026-07-14,0.3,5.1
llxprt-jefe,89,4786600046,https://github.com/vybestack/llxprt-jefe/pull/89#issuecomment-4786600046,2026-06-24T06:43:20Z,2026-06-24T06:55:41Z,Review limit reached,adaptive_fair_usage,Pro Plus,,yes,2026-07-14,0.2,2.6
llxprt-code,2151,4786876575,https://github.com/vybestack/llxprt-code/pull/2151#issuecomment-4786876575,2026-06-24T07:26:03Z,2026-06-24T08:08:40Z,Review limit reached,adaptive_fair_usage,Pro Plus,,yes,2026-07-14,0.1,34.7
llxprt-code,2154,4792266199,https://github.com/vybestack/llxprt-code/pull/2154#issuecomment-4792266199,2026-06-24T18:05:45Z,2026-06-24T19:22:56Z,Review limit reached,adaptive_fair_usage,Pro Plus,,yes,2026-07-14,0.2,8.6
llxprt-code,2156,4792299600,https://github.com/vybestack/llxprt-code/pull/2156#issuecomment-4792299600,2026-06-24T18:10:06Z,2026-06-24T21:45:32Z,Review limit reached,adaptive_fair_usage,Pro Plus,,yes,2026-07-14,0.2,4.2
llxprt-code,2157,4792376925,https://github.com/vybestack/llxprt-code/pull/2157#issuecomment-4792376925,2026-06-24T18:20:35Z,2026-06-24T18:20:35Z,Review limit reached,adaptive_fair_usage,Pro Plus,,no,2026-07-14,0.2,11.0
llxprt-code,2160,4793050880,https://github.com/vybestack/llxprt-code/pull/2160#issuecomment-4793050880,2026-06-24T19:48:29Z,2026-06-24T23:23:16Z,Review limit reached,adaptive_fair_usage,Pro Plus,,yes,2026-07-14,0.2,71.6
llxprt-code,2162,4794326874,https://github.com/vybestack/llxprt-code/pull/2162#issuecomment-4794326874,2026-06-24T22:55:06Z,2026-06-24T23:17:18Z,Review limit reached,adaptive_fair_usage,Pro Plus,,yes,2026-07-14,0.3,14.4
llxprt-code,2163,4794448492,https://github.com/vybestack/llxprt-code/pull/2163#issuecomment-4794448492,2026-06-24T23:20:33Z,2026-06-25T00:29:29Z,Review limit reached,adaptive_fair_usage,Pro Plus,,yes,2026-07-14,0.1,44.3
llxprt-code,2180,4803333474,https://github.com/vybestack/llxprt-code/pull/2180#issuecomment-4803333474,2026-06-25T19:13:24Z,2026-06-26T17:48:22Z,Review limit reached,adaptive_fair_usage,Pro Plus,,yes,2026-07-14,0.1,36.8
llxprt-code,2188,4805994243,https://github.com/vybestack/llxprt-code/pull/2188#issuecomment-4805994243,2026-06-26T02:59:23Z,2026-06-26T16:23:12Z,Review limit reached,adaptive_fair_usage,Pro Plus,,yes,2026-07-14,4.3,9.9
llxprt-code,2191,4807232143,https://github.com/vybestack/llxprt-code/pull/2191#issuecomment-4807232143,2026-06-26T07:16:41Z,2026-06-26T07:16:41Z,Review limit reached,adaptive_fair_usage,Pro Plus,,no,2026-07-14,0.1,43.8
llxprt-code,2192,4808108048,https://github.com/vybestack/llxprt-code/pull/2192#issuecomment-4808108048,2026-06-26T09:03:44Z,2026-06-27T00:29:51Z,Review limit reached,adaptive_fair_usage,Pro Plus,,yes,2026-07-14,0.3,14.9
llxprt-jefe,90,4808135311,https://github.com/vybestack/llxprt-jefe/pull/90#issuecomment-4808135311,2026-06-26T09:07:30Z,2026-06-29T21:56:26Z,Review limit reached,adaptive_fair_usage,Pro Plus,59 minutes,yes,2026-07-14,0.2,966.5
llxprt-code,2205,4811254502,https://github.com/vybestack/llxprt-code/pull/2205#issuecomment-4811254502,2026-06-26T16:03:31Z,2026-06-26T16:54:46Z,Review limit reached,adaptive_fair_usage,Pro Plus,,yes,2026-07-14,0.2,51.2
llxprt-luther,71,4812603852,https://github.com/vybestack/llxprt-luther/pull/71#issuecomment-4812603852,2026-06-26T19:04:37Z,2026-06-26T19:55:09Z,Review limit reached,adaptive_fair_usage,Pro Plus,,yes,2026-07-14,0.2,5.8
llxprt-code,2213,4812928207,https://github.com/vybestack/llxprt-code/pull/2213#issuecomment-4812928207,2026-06-26T19:46:50Z,2026-06-26T22:41:58Z,Review limit reached,adaptive_fair_usage,Pro Plus,,yes,2026-07-14,0.3,10.6
llxprt-code,2214,4813113054,https://github.com/vybestack/llxprt-code/pull/2214#issuecomment-4813113054,2026-06-26T20:14:46Z,2026-06-26T22:50:29Z,Review limit reached,adaptive_fair_usage,Pro Plus,,yes,2026-07-14,1.2,9.8
llxprt-code,2215,4813124343,https://github.com/vybestack/llxprt-code/pull/2215#issuecomment-4813124343,2026-06-26T20:16:34Z,2026-06-26T22:05:09Z,Review limit reached,adaptive_fair_usage,Pro Plus,,yes,2026-07-14,0.2,8.0
llxprt-code,2216,4813830797,https://github.com/vybestack/llxprt-code/pull/2216#issuecomment-4813830797,2026-06-26T22:24:52Z,2026-06-26T22:45:55Z,Review limit reached,adaptive_fair_usage,Pro Plus,,yes,2026-07-14,0.3,6.7
llxprt-code,2217,4814190276,https://github.com/vybestack/llxprt-code/pull/2217#issuecomment-4814190276,2026-06-26T23:54:17Z,2026-06-27T00:23:52Z,Review limit reached,adaptive_fair_usage,Pro Plus,,yes,2026-07-14,0.3,8.3
llxprt-code,2218,4814532681,https://github.com/vybestack/llxprt-code/pull/2218#issuecomment-4814532681,2026-06-27T01:23:47Z,2026-06-27T01:23:47Z,Review limit reached,adaptive_fair_usage,Pro Plus,,no,2026-07-14,0.1,59.3
llxprt-code,2219,4814683121,https://github.com/vybestack/llxprt-code/pull/2219#issuecomment-4814683121,2026-06-27T02:10:12Z,2026-06-27T20:22:58Z,Review limit reached,adaptive_fair_usage,Pro Plus,,yes,2026-07-14,0.4,12.9
llxprt-luther,72,4815736027,https://github.com/vybestack/llxprt-luther/pull/72#issuecomment-4815736027,2026-06-27T07:00:44Z,2026-06-27T07:00:44Z,Review limit reached,adaptive_fair_usage,Pro Plus,,no,2026-07-14,0.2,1045.5
llxprt-code,2220,4815850825,https://github.com/vybestack/llxprt-code/pull/2220#issuecomment-4815850825,2026-06-27T07:31:11Z,2026-06-27T07:35:39Z,Review limit reached,adaptive_fair_usage,Pro Plus,,yes,2026-07-14,0.1,46.1
llxprt-code,2221,4816007254,https://github.com/vybestack/llxprt-code/pull/2221#issuecomment-4816007254,2026-06-27T08:08:48Z,2026-06-27T08:32:07Z,Review limit reached,adaptive_fair_usage,Pro Plus,,yes,2026-07-14,0.4,8.5
llxprt-code,2222,4816008673,https://github.com/vybestack/llxprt-code/pull/2222#issuecomment-4816008673,2026-06-27T08:09:20Z,2026-06-27T23:28:49Z,Review limit reached,adaptive_fair_usage,Pro Plus,,yes,2026-07-14,0.1,8.0
llxprt-code,2223,4816111916,https://github.com/vybestack/llxprt-code/pull/2223#issuecomment-4816111916,2026-06-27T08:34:08Z,2026-06-29T17:56:54Z,Review limit reached,adaptive_fair_usage,Pro Plus,24 minutes,yes,2026-07-14,0.1,38.1
llxprt-code,2225,4816339310,https://github.com/vybestack/llxprt-code/pull/2225#issuecomment-4816339310,2026-06-27T09:17:33Z,2026-06-27T09:17:33Z,Review limit reached,adaptive_fair_usage,Pro Plus,,no,2026-07-14,0.1,472.4
llxprt-code,2226,4816381008,https://github.com/vybestack/llxprt-code/pull/2226#issuecomment-4816381008,2026-06-27T09:27:39Z,2026-06-27T09:27:39Z,Review limit reached,adaptive_fair_usage,Pro Plus,,no,2026-07-14,0.5,462.4
llxprt-luther,73,4819675698,https://github.com/vybestack/llxprt-luther/pull/73#issuecomment-4819675698,2026-06-27T17:21:14Z,2026-06-27T17:32:33Z,Review limit reached,adaptive_fair_usage,Pro Plus,,yes,2026-07-14,0.1,424.9
llxprt-luther,76,4823082380,https://github.com/vybestack/llxprt-luther/pull/76#issuecomment-4823082380,2026-06-27T23:52:46Z,2026-06-28T08:22:05Z,Review limit reached,adaptive_fair_usage,Pro Plus,,yes,2026-07-14,0.1,33.4
llxprt-code,2247,4834642213,https://github.com/vybestack/llxprt-code/pull/2247#issuecomment-4834642213,2026-06-29T16:12:44Z,2026-06-29T16:43:15Z,Review limit reached,adaptive_fair_usage,Pro Plus,35 minutes,yes,2026-07-14,0.1,11.5
llxprt-code,2257,4835181063,https://github.com/vybestack/llxprt-code/pull/2257#issuecomment-4835181063,2026-06-29T17:16:08Z,2026-06-30T21:43:58Z,Review limit reached,adaptive_fair_usage,Pro Plus,30 minutes,yes,2026-07-14,0.1,11.7
llxprt-code,2258,4835610576,https://github.com/vybestack/llxprt-code/pull/2258#issuecomment-4835610576,2026-06-29T18:13:22Z,2026-06-29T19:54:13Z,Review limit reached,adaptive_fair_usage,Pro Plus,42 minutes,yes,2026-07-14,0.1,24.1
llxprt-code,2262,4835952895,https://github.com/vybestack/llxprt-code/pull/2262#issuecomment-4835952895,2026-06-29T18:55:25Z,2026-06-29T22:21:52Z,Review limit reached,adaptive_fair_usage,Pro Plus,34 minutes,yes,2026-07-14,0.1,40.6
llxprt-luther,77,4836106974,https://github.com/vybestack/llxprt-luther/pull/77#issuecomment-4836106974,2026-06-29T19:16:25Z,2026-06-29T19:16:25Z,Review limit reached,adaptive_fair_usage,Pro Plus,16 minutes,no,2026-07-14,0.1,824.8
llxprt-code,2264,4836331747,https://github.com/vybestack/llxprt-code/pull/2264#issuecomment-4836331747,2026-06-29T19:38:38Z,2026-06-29T21:24:01Z,Review limit reached,adaptive_fair_usage,Pro Plus,27 minutes,yes,2026-07-14,0.1,81.5
llxprt-code,2265,4836740284,https://github.com/vybestack/llxprt-code/pull/2265#issuecomment-4836740284,2026-06-29T20:28:59Z,2026-06-30T00:36:04Z,Review limit reached,adaptive_fair_usage,Pro Plus,32 minutes,yes,2026-07-14,0.1,31.2
llxprt-luther,79,4837040533,https://github.com/vybestack/llxprt-luther/pull/79#issuecomment-4837040533,2026-06-29T21:07:00Z,2026-06-29T22:39:18Z,Review limit reached,adaptive_fair_usage,Pro Plus,17 minutes,yes,2026-07-14,0.1,714.2
llxprt-code,2266,4837185235,https://github.com/vybestack/llxprt-code/pull/2266#issuecomment-4837185235,2026-06-29T21:23:11Z,2026-06-29T22:05:28Z,Review limit reached,adaptive_fair_usage,Pro Plus,50 minutes,yes,2026-07-14,0.1,32.7
llxprt-code,2268,4837519499,https://github.com/vybestack/llxprt-code/pull/2268#issuecomment-4837519499,2026-06-29T21:56:41Z,2026-06-29T23:52:44Z,Review limit reached,adaptive_fair_usage,Pro Plus,10 minutes,yes,2026-07-14,2.6,4.9
llxprt-code,2269,4838474280,https://github.com/vybestack/llxprt-code/pull/2269#issuecomment-4838474280,2026-06-29T23:33:30Z,2026-06-30T00:26:16Z,Review limit reached,adaptive_fair_usage,Pro Plus,42 minutes,yes,2026-07-14,0.1,14.4
llxprt-jefe,103,4839310700,https://github.com/vybestack/llxprt-jefe/pull/103#issuecomment-4839310700,2026-06-30T02:23:39Z,2026-06-30T03:19:03Z,Review limit reached,adaptive_fair_usage,Pro Plus,4 minutes,yes,2026-07-14,0.2,8.8
llxprt-code,2276,4839525067,https://github.com/vybestack/llxprt-code/pull/2276#issuecomment-4839525067,2026-06-30T03:13:21Z,2026-06-30T03:48:27Z,Review limit reached,adaptive_fair_usage,Pro Plus,24 minutes,yes,2026-07-14,0.1,5.3
llxprt-jefe,104,4839669172,https://github.com/vybestack/llxprt-jefe/pull/104#issuecomment-4839669172,2026-06-30T03:46:10Z,2026-06-30T03:46:10Z,Review limit reached,adaptive_fair_usage,Pro Plus,26 minutes,no,2026-07-14,0.1,2676.9
llxprt-code,2277,4839694668,https://github.com/vybestack/llxprt-code/pull/2277#issuecomment-4839694668,2026-06-30T03:52:34Z,2026-06-30T08:12:00Z,Review limit reached,adaptive_fair_usage,Pro Plus,41 minutes,yes,2026-07-14,0.1,54.2
llxprt-jefe,105,4840078887,https://github.com/vybestack/llxprt-jefe/pull/105#issuecomment-4840078887,2026-06-30T05:07:21Z,2026-06-30T05:13:38Z,Review limit reached,adaptive_fair_usage,Pro Plus,29 minutes,yes,2026-07-14,0.1,2595.7
llxprt-jefe,106,4840722346,https://github.com/vybestack/llxprt-jefe/pull/106#issuecomment-4840722346,2026-06-30T06:58:56Z,2026-06-30T06:58:56Z,Review limit reached,adaptive_fair_usage,Pro Plus,33 minutes,no,2026-07-14,0.1,2484.1
llxprt-code,2283,4840765277,https://github.com/vybestack/llxprt-code/pull/2283#issuecomment-4840765277,2026-06-30T07:05:23Z,2026-06-30T07:05:23Z,Review limit reached,adaptive_fair_usage,Pro Plus,27 minutes,no,2026-07-14,0.1,197.5
llxprt-luther,88,4841135065,https://github.com/vybestack/llxprt-luther/pull/88#issuecomment-4841135065,2026-06-30T07:53:54Z,2026-06-30T09:11:00Z,Review limit reached,adaptive_fair_usage,Pro Plus,47 minutes,yes,2026-07-14,0.2,67.3
llxprt-jefe,107,4841239297,https://github.com/vybestack/llxprt-jefe/pull/107#issuecomment-4841239297,2026-06-30T08:07:36Z,2026-06-30T08:07:36Z,Review limit reached,adaptive_fair_usage,Pro Plus,46 minutes,no,2026-07-14,0.1,2415.5
llxprt-code,2284,4841828791,https://github.com/vybestack/llxprt-code/pull/2284#issuecomment-4841828791,2026-06-30T09:23:52Z,2026-07-01T00:20:58Z,Review limit reached,adaptive_fair_usage,Pro Plus,10 minutes,yes,2026-07-14,0.1,59.0
llxprt-luther,89,4842061402,https://github.com/vybestack/llxprt-luther/pull/89#issuecomment-4842061402,2026-06-30T09:53:19Z,2026-06-30T15:09:36Z,Review limit reached,adaptive_fair_usage,Pro Plus,24 minutes,yes,2026-07-14,0.1,463.4
llxprt-jefe,108,4845230580,https://github.com/vybestack/llxprt-jefe/pull/108#issuecomment-4845230580,2026-06-30T15:29:21Z,2026-06-30T15:29:21Z,Review limit reached,adaptive_fair_usage,Pro Plus,4 minutes,no,2026-07-14,0.1,1973.7
llxprt-luther,90,4845800671,https://github.com/vybestack/llxprt-luther/pull/90#issuecomment-4845800671,2026-06-30T16:35:55Z,2026-06-30T22:45:40Z,Review limit reached,adaptive_fair_usage,Pro Plus,38 minutes,yes,2026-07-14,0.2,60.9
llxprt-code,2290,4847085846,https://github.com/vybestack/llxprt-code/pull/2290#issuecomment-4847085846,2026-06-30T19:10:54Z,2026-07-01T04:06:06Z,Review limit reached,adaptive_fair_usage,Pro Plus,52 minutes,yes,2026-07-14,0.4,17.2
llxprt-code,2293,4847862423,https://github.com/vybestack/llxprt-code/pull/2293#issuecomment-4847862423,2026-06-30T20:58:48Z,2026-06-30T23:41:06Z,Review limit reached,adaptive_fair_usage,Pro Plus,50 minutes,yes,2026-07-14,0.2,24.5
llxprt-code,2295,4848157757,https://github.com/vybestack/llxprt-code/pull/2295#issuecomment-4848157757,2026-06-30T21:44:14Z,2026-07-01T02:23:29Z,Review limit reached,adaptive_fair_usage,Pro Plus,9 minutes,yes,2026-07-14,0.3,156.7
llxprt-code,2298,4849079600,https://github.com/vybestack/llxprt-code/pull/2298#issuecomment-4849079600,2026-07-01T00:23:22Z,2026-07-01T00:50:47Z,Review limit reached,adaptive_fair_usage,Pro Plus,40 minutes,yes,2026-07-14,0.1,27.4
llxprt-code,2302,4849560055,https://github.com/vybestack/llxprt-code/pull/2302#issuecomment-4849560055,2026-07-01T01:55:28Z,2026-07-01T01:55:28Z,Review limit reached,adaptive_fair_usage,Pro Plus,37 minutes,no,2026-07-14,0.6,58.4
llxprt-luther,91,4849642220,https://github.com/vybestack/llxprt-luther/pull/91#issuecomment-4849642220,2026-07-01T02:12:54Z,2026-07-01T03:24:45Z,Review limit reached,adaptive_fair_usage,Pro Plus,20 minutes,yes,2026-07-14,0.1,343.0
llxprt-code,2303,4850121235,https://github.com/vybestack/llxprt-code/pull/2303#issuecomment-4850121235,2026-07-01T03:58:58Z,2026-07-01T14:52:14Z,Review limit reached,adaptive_fair_usage,Pro Plus,48 minutes,yes,2026-07-14,0.4,2.5
llxprt-code,2307,4850954469,https://github.com/vybestack/llxprt-code/pull/2307#issuecomment-4850954469,2026-07-01T06:32:53Z,2026-07-01T08:35:37Z,Review limit reached,adaptive_fair_usage,Pro Plus,12 minutes,yes,2026-07-14,0.4,8.6
llxprt-code,2309,4851106867,https://github.com/vybestack/llxprt-code/pull/2309#issuecomment-4851106867,2026-07-01T06:45:48Z,2026-07-01T15:31:00Z,Review limit reached,adaptive_fair_usage,Pro Plus,9 minutes,yes,2026-07-14,0.1,0.3
llxprt-luther,92,4851270233,https://github.com/vybestack/llxprt-luther/pull/92#issuecomment-4851270233,2026-07-01T07:03:38Z,2026-07-01T17:48:25Z,Review limit reached,adaptive_fair_usage,Pro Plus,1 minute,yes,2026-07-14,0.1,52.3
llxprt-jefe,112,4851929218,https://github.com/vybestack/llxprt-jefe/pull/112#issuecomment-4851929218,2026-07-01T08:08:45Z,2026-07-01T08:16:45Z,Review limit reached,adaptive_fair_usage,Pro Plus,15 minutes,yes,2026-07-14,0.1,974.3
llxprt-code,2311,4856666957,https://github.com/vybestack/llxprt-code/pull/2311#issuecomment-4856666957,2026-07-01T15:02:18Z,2026-07-04T18:43:22Z,Review limit reached,adaptive_fair_usage,Pro Plus,11 minutes,yes,2026-07-14,0.1,49.8
llxprt-code,2313,4857844891,https://github.com/vybestack/llxprt-code/pull/2313#issuecomment-4857844891,2026-07-01T16:43:36Z,2026-07-03T01:31:41Z,Review limit reached,adaptive_fair_usage,Pro Plus,8 minutes,yes,2026-07-14,0.1,5.3
llxprt-code,2315,4858456107,https://github.com/vybestack/llxprt-code/pull/2315#issuecomment-4858456107,2026-07-01T17:36:28Z,2026-07-02T01:40:45Z,Review limit reached,adaptive_fair_usage,Pro Plus,3 minutes,yes,2026-07-14,0.1,13.7
llxprt-code,2317,4859706290,https://github.com/vybestack/llxprt-code/pull/2317#issuecomment-4859706290,2026-07-01T20:16:54Z,2026-07-01T23:48:26Z,Review limit reached,adaptive_fair_usage,Pro Plus,31 minutes,yes,2026-07-14,0.5,16.1
llxprt-code,2318,4859736130,https://github.com/vybestack/llxprt-code/pull/2318#issuecomment-4859736130,2026-07-01T20:21:09Z,2026-07-02T00:36:24Z,Review limit reached,adaptive_fair_usage,Pro Plus,5 minutes,yes,2026-07-14,0.1,11.8
llxprt-code,2319,4859767898,https://github.com/vybestack/llxprt-code/pull/2319#issuecomment-4859767898,2026-07-01T20:25:59Z,2026-07-01T20:25:59Z,Review limit reached,adaptive_fair_usage,Pro Plus,50 minutes,no,2026-07-14,0.1,7.0
llxprt-luther,93,4860042342,https://github.com/vybestack/llxprt-luther/pull/93#issuecomment-4860042342,2026-07-01T21:07:07Z,2026-07-01T21:34:38Z,Review limit reached,adaptive_fair_usage,Pro Plus,42 minutes,yes,2026-07-14,0.1,17.3
llxprt-jefe,115,4860947815,https://github.com/vybestack/llxprt-jefe/pull/115#issuecomment-4860947815,2026-07-01T23:49:25Z,2026-07-02T02:27:22Z,Review limit reached,adaptive_fair_usage,Pro Plus,3 minutes,yes,2026-07-14,0.1,33.6
llxprt-luther,94,4861034504,https://github.com/vybestack/llxprt-luther/pull/94#issuecomment-4861034504,2026-07-02T00:07:55Z,2026-07-02T03:11:44Z,Review limit reached,adaptive_fair_usage,Pro Plus,8 minutes,yes,2026-07-14,0.1,82.6
llxprt-luther,96,4862357164,https://github.com/vybestack/llxprt-luther/pull/96#issuecomment-4862357164,2026-07-02T05:01:22Z,2026-07-02T06:50:40Z,Review limit reached,adaptive_fair_usage,Pro Plus,19 minutes,yes,2026-07-14,0.4,10.9
llxprt-code,2330,4862927159,https://github.com/vybestack/llxprt-code/pull/2330#issuecomment-4862927159,2026-07-02T06:44:34Z,2026-07-02T22:32:39Z,Review limit reached,adaptive_fair_usage,Pro Plus,3 minutes,yes,2026-07-14,0.1,35.6
llxprt-luther,98,4866122851,https://github.com/vybestack/llxprt-luther/pull/98#issuecomment-4866122851,2026-07-02T13:15:45Z,2026-07-03T08:27:13Z,Review limit reached,adaptive_fair_usage,Pro Plus,10 minutes,yes,2026-07-14,0.2,1054.1
llxprt-luther,100,4870757305,https://github.com/vybestack/llxprt-luther/pull/100#issuecomment-4870757305,2026-07-02T21:50:38Z,2026-07-03T02:43:06Z,Review limit reached,adaptive_fair_usage,Pro Plus,1 minute,yes,2026-07-14,0.3,539.2
llxprt-luther,101,4870780093,https://github.com/vybestack/llxprt-luther/pull/101#issuecomment-4870780093,2026-07-02T21:54:43Z,2026-07-02T22:55:55Z,Review limit reached,adaptive_fair_usage,Pro Plus,53 minutes,yes,2026-07-14,0.2,535.2
llxprt-jefe,122,4871084275,https://github.com/vybestack/llxprt-jefe/pull/122#issuecomment-4871084275,2026-07-02T22:49:59Z,2026-07-02T22:57:37Z,Review limit reached,adaptive_fair_usage,Pro Plus,52 minutes,yes,2026-07-14,0.2,7.5
llxprt-code,2336,4871206588,https://github.com/vybestack/llxprt-code/pull/2336#issuecomment-4871206588,2026-07-02T23:11:50Z,2026-07-03T07:23:25Z,Review limit reached,adaptive_fair_usage,Pro Plus,1 minute,yes,2026-07-14,0.2,99.0
llxprt-luther,102,4871207396,https://github.com/vybestack/llxprt-luther/pull/102#issuecomment-4871207396,2026-07-02T23:11:59Z,2026-07-02T23:23:56Z,Review limit reached,adaptive_fair_usage,Pro Plus,25 minutes,yes,2026-07-14,0.1,457.9
llxprt-luther,103,4871315677,https://github.com/vybestack/llxprt-luther/pull/103#issuecomment-4871315677,2026-07-02T23:36:18Z,2026-07-02T23:39:03Z,Review limit reached,adaptive_fair_usage,Pro Plus,10 minutes,yes,2026-07-14,0.1,433.6
llxprt-luther,104,4871908692,https://github.com/vybestack/llxprt-luther/pull/104#issuecomment-4871908692,2026-07-03T01:54:15Z,2026-07-03T01:54:15Z,Review limit reached,adaptive_fair_usage,Pro Plus,15 minutes,no,2026-07-14,0.2,295.6
llxprt-luther,105,4872043662,https://github.com/vybestack/llxprt-luther/pull/105#issuecomment-4872043662,2026-07-03T02:24:12Z,2026-07-03T02:33:54Z,Review limit reached,adaptive_fair_usage,Pro Plus,10 minutes,yes,2026-07-14,0.3,265.7
llxprt-code,2341,4872078210,https://github.com/vybestack/llxprt-code/pull/2341#issuecomment-4872078210,2026-07-03T02:32:28Z,2026-07-03T06:41:12Z,Review limit reached,adaptive_fair_usage,Pro Plus,4 minutes,yes,2026-07-14,0.1,60.8
llxprt-jefe,123,4873219309,https://github.com/vybestack/llxprt-jefe/pull/123#issuecomment-4873219309,2026-07-03T06:31:12Z,2026-07-03T06:43:31Z,Review limit reached,adaptive_fair_usage,Pro Plus,2 minutes,yes,2026-07-14,0.3,2543.9
llxprt-luther,106,4873354866,https://github.com/vybestack/llxprt-luther/pull/106#issuecomment-4873354866,2026-07-03T06:44:59Z,2026-07-03T06:51:01Z,Review limit reached,adaptive_fair_usage,Pro Plus,33 minutes,yes,2026-07-14,0.1,4.9
llxprt-jefe,124,4873907717,https://github.com/vybestack/llxprt-jefe/pull/124#issuecomment-4873907717,2026-07-03T07:39:00Z,2026-07-03T07:47:34Z,Review limit reached,adaptive_fair_usage,Pro Plus,50 minutes,yes,2026-07-14,0.1,2476.1
llxprt-code,2354,4874021096,https://github.com/vybestack/llxprt-code/pull/2354#issuecomment-4874021096,2026-07-03T07:52:10Z,2026-07-04T19:09:20Z,Review limit reached,adaptive_fair_usage,Pro Plus,8 minutes,yes,2026-07-14,0.1,45.3
llxprt-luther,110,4886708289,https://github.com/vybestack/llxprt-luther/pull/110#issuecomment-4886708289,2026-07-05T16:18:35Z,2026-07-07T16:31:14Z,Review limit reached,adaptive_fair_usage,Pro Plus,57 minutes,yes,2026-07-14,0.3,17.6
llxprt-luther,111,4887467403,https://github.com/vybestack/llxprt-luther/pull/111#issuecomment-4887467403,2026-07-05T20:20:16Z,2026-07-05T20:27:43Z,Review limit reached,adaptive_fair_usage,Pro Plus,19 minutes,yes,2026-07-14,0.3,218.5
llxprt-jefe,127,4887573175,https://github.com/vybestack/llxprt-jefe/pull/127#issuecomment-4887573175,2026-07-05T20:59:52Z,2026-07-05T21:17:54Z,Review limit reached,adaptive_fair_usage,Pro Plus,2 minutes,yes,2026-07-14,0.3,11.9
llxprt-luther,112,4888390644,https://github.com/vybestack/llxprt-luther/pull/112#issuecomment-4888390644,2026-07-06T01:33:21Z,2026-07-07T00:31:58Z,Review limit reached,adaptive_fair_usage,Pro Plus,49 minutes,yes,2026-07-14,0.3,125.8
llxprt-jefe,130,4894127413,https://github.com/vybestack/llxprt-jefe/pull/130#issuecomment-4894127413,2026-07-06T14:45:45Z,2026-07-06T18:06:47Z,Review limit reached,could_not_start,Pro Plus,42 minutes,yes,2026-07-14,0.7,5.7
llxprt-jefe,132,4894571740,https://github.com/vybestack/llxprt-jefe/pull/132#issuecomment-4894571740,2026-07-06T15:27:04Z,2026-07-11T16:26:09Z,Review limit reached,could_not_start,Pro Plus,4 minutes,yes,2026-07-14,0.2,159.7
llxprt-jefe,134,4896681767,https://github.com/vybestack/llxprt-jefe/pull/134#issuecomment-4896681767,2026-07-06T19:09:46Z,2026-07-06T21:56:10Z,Review limit reached,could_not_start,Pro Plus,22 minutes,yes,2026-07-14,0.1,132.1
llxprt-code,2400,4897914925,https://github.com/vybestack/llxprt-code/pull/2400#issuecomment-4897914925,2026-07-06T21:48:22Z,2026-07-06T22:30:19Z,Review limit reached,adaptive_fair_usage,Pro Plus,16 minutes,yes,2026-07-14,0.7,109.2
llxprt-code,2401,4897978102,https://github.com/vybestack/llxprt-code/pull/2401#issuecomment-4897978102,2026-07-06T21:58:12Z,2026-07-06T22:36:25Z,Review limit reached,adaptive_fair_usage,Pro Plus,10 minutes,yes,2026-07-14,0.1,99.3
llxprt-code,2404,4898146809,https://github.com/vybestack/llxprt-code/pull/2404#issuecomment-4898146809,2026-07-06T22:22:19Z,2026-07-06T23:37:34Z,Review limit reached,adaptive_fair_usage,Pro Plus,18 minutes,yes,2026-07-14,0.2,75.2
llxprt-code,2405,4898543027,https://github.com/vybestack/llxprt-code/pull/2405#issuecomment-4898543027,2026-07-06T23:28:49Z,2026-07-07T00:14:50Z,Review limit reached,adaptive_fair_usage,Pro Plus,6 minutes,yes,2026-07-14,0.1,8.7
llxprt-code,2407,4898832103,https://github.com/vybestack/llxprt-code/pull/2407#issuecomment-4898832103,2026-07-07T00:20:26Z,2026-07-07T00:23:28Z,Review limit reached,adaptive_fair_usage,Pro Plus,58 minutes,yes,2026-07-14,0.2,3.0
llxprt-jefe,138,4898840605,https://github.com/vybestack/llxprt-jefe/pull/138#issuecomment-4898840605,2026-07-07T00:22:04Z,2026-07-07T00:35:35Z,Review limit reached,adaptive_fair_usage,Pro Plus,46 minutes,yes,2026-07-14,0.3,8.1
llxprt-code,2409,4898943226,https://github.com/vybestack/llxprt-code/pull/2409#issuecomment-4898943226,2026-07-07T00:41:56Z,2026-07-07T03:21:35Z,Review limit reached,adaptive_fair_usage,Pro Plus,40 minutes,yes,2026-07-14,0.1,62.3
llxprt-code,2415,4899697657,https://github.com/vybestack/llxprt-code/pull/2415#issuecomment-4899697657,2026-07-07T03:01:55Z,2026-07-09T18:54:46Z,Review limit reached,adaptive_fair_usage,Pro Plus,20 minutes,yes,2026-07-14,0.4,138.1
llxprt-luther,114,4899910961,https://github.com/vybestack/llxprt-luther/pull/114#issuecomment-4899910961,2026-07-07T03:45:57Z,2026-07-07T19:05:44Z,Review limit reached,adaptive_fair_usage,Pro Plus,44 minutes,yes,2026-07-14,112.2,1.9
llxprt-code,2420,4900385244,https://github.com/vybestack/llxprt-code/pull/2420#issuecomment-4900385244,2026-07-07T05:12:07Z,2026-07-07T05:32:34Z,Review limit reached,adaptive_fair_usage,Pro Plus,39 minutes,yes,2026-07-14,0.5,7.8
llxprt-code,2421,4900445118,https://github.com/vybestack/llxprt-code/pull/2421#issuecomment-4900445118,2026-07-07T05:23:03Z,2026-07-07T05:23:03Z,Review limit reached,adaptive_fair_usage,Pro Plus,48 minutes,no,2026-07-14,0.1,101.8
llxprt-code,2424,4900729685,https://github.com/vybestack/llxprt-code/pull/2424#issuecomment-4900729685,2026-07-07T06:13:27Z,2026-07-07T08:02:51Z,Review limit reached,adaptive_fair_usage,Pro Plus,50 minutes,yes,2026-07-14,0.1,51.5
llxprt-code,2426,4901058115,https://github.com/vybestack/llxprt-code/pull/2426#issuecomment-4901058115,2026-07-07T07:03:37Z,2026-07-07T13:37:04Z,Review limit reached,adaptive_fair_usage,Pro Plus,28 minutes,yes,2026-07-14,0.9,1.3
llxprt-jefe,139,4901679609,https://github.com/vybestack/llxprt-jefe/pull/139#issuecomment-4901679609,2026-07-07T08:24:02Z,2026-07-07T08:24:02Z,Review limit reached,adaptive_fair_usage,Pro Plus,28 minutes,no,2026-07-14,0.2,84.4
llxprt-jefe,140,4906046795,https://github.com/vybestack/llxprt-jefe/pull/140#issuecomment-4906046795,2026-07-07T16:29:22Z,2026-07-07T16:46:16Z,Review limit reached,adaptive_fair_usage,Pro Plus,42 minutes,yes,2026-07-14,0.3,493.4
llxprt-code,2437,4906724613,https://github.com/vybestack/llxprt-code/pull/2437#issuecomment-4906724613,2026-07-07T17:37:04Z,2026-07-08T00:49:02Z,Review limit reached,adaptive_fair_usage,Pro Plus,37 minutes,yes,2026-07-14,0.5,7.6
llxprt-luther,116,4909446159,https://github.com/vybestack/llxprt-luther/pull/116#issuecomment-4909446159,2026-07-07T22:02:28Z,2026-07-08T03:34:31Z,Review limit reached,adaptive_fair_usage,Pro Plus,36 minutes,yes,2026-07-14,0.1,236.6
llxprt-jefe,147,4909587121,https://github.com/vybestack/llxprt-jefe/pull/147#issuecomment-4909587121,2026-07-07T22:24:58Z,2026-07-08T03:51:10Z,Review limit reached,adaptive_fair_usage,Pro Plus,19 minutes,yes,2026-07-14,0.1,137.8
llxprt-jefe,149,4911980246,https://github.com/vybestack/llxprt-jefe/pull/149#issuecomment-4911980246,2026-07-08T06:27:36Z,2026-07-08T14:44:42Z,Review limit reached,adaptive_fair_usage,Pro Plus,19 minutes,yes,2026-07-14,0.3,6.1
llxprt-jefe,152,4916651467,https://github.com/vybestack/llxprt-jefe/pull/152#issuecomment-4916651467,2026-07-08T15:52:34Z,2026-07-08T15:52:34Z,Review limit reached,adaptive_fair_usage,Pro Plus,41 minutes,no,2026-07-14,0.1,40.6
llxprt-luther,120,4916741082,https://github.com/vybestack/llxprt-luther/pull/120#issuecomment-4916741082,2026-07-08T16:02:22Z,2026-07-09T18:35:37Z,Review limit reached,adaptive_fair_usage,Pro Plus,40 minutes,yes,2026-07-14,0.2,56.5
llxprt-code,2444,4916923446,https://github.com/vybestack/llxprt-code/pull/2444#issuecomment-4916923446,2026-07-08T16:23:32Z,2026-07-08T16:23:32Z,Review limit reached,adaptive_fair_usage,Pro Plus,10 minutes,no,2026-07-14,0.1,157.6
llxprt-jefe,154,4916960468,https://github.com/vybestack/llxprt-jefe/pull/154#issuecomment-4916960468,2026-07-08T16:28:01Z,2026-07-08T16:33:15Z,Review limit reached,adaptive_fair_usage,Pro Plus,36 seconds,yes,2026-07-14,0.1,5.2
llxprt-code,2447,4917854758,https://github.com/vybestack/llxprt-code/pull/2447#issuecomment-4917854758,2026-07-08T18:13:53Z,2026-07-08T21:20:05Z,Review limit reached,adaptive_fair_usage,Pro Plus,42 minutes,yes,2026-07-14,0.1,47.2
llxprt-code,2448,4918235817,https://github.com/vybestack/llxprt-code/pull/2448#issuecomment-4918235817,2026-07-08T18:56:34Z,2026-07-08T19:15:27Z,Review limit reached,adaptive_fair_usage,Pro Plus,40 minutes,yes,2026-07-14,1.1,4.5
llxprt-jefe,157,4918508280,https://github.com/vybestack/llxprt-jefe/pull/157#issuecomment-4918508280,2026-07-08T19:32:10Z,2026-07-08T19:48:07Z,Review limit reached,adaptive_fair_usage,Pro Plus,7 minutes,yes,2026-07-14,0.1,13.8
llxprt-jefe,159,4919098008,https://github.com/vybestack/llxprt-jefe/pull/159#issuecomment-4919098008,2026-07-08T20:51:57Z,2026-07-08T21:11:51Z,Review limit reached,adaptive_fair_usage,Pro Plus,51 minutes,yes,2026-07-14,0.1,1196.2
llxprt-jefe,161,4919724879,https://github.com/vybestack/llxprt-jefe/pull/161#issuecomment-4919724879,2026-07-08T22:20:32Z,2026-07-08T22:23:51Z,Review limit reached,adaptive_fair_usage,Pro Plus,47 minutes,yes,2026-07-14,0.1,1107.6
llxprt-jefe,162,4920196375,https://github.com/vybestack/llxprt-jefe/pull/162#issuecomment-4920196375,2026-07-08T23:50:23Z,2026-07-08T23:51:13Z,Review limit reached,adaptive_fair_usage,Pro Plus,43 minutes,yes,2026-07-14,4.9,1017.8
llxprt-code,2451,4920341846,https://github.com/vybestack/llxprt-code/pull/2451#issuecomment-4920341846,2026-07-09T00:19:15Z,2026-07-09T01:06:05Z,Review limit reached,adaptive_fair_usage,Pro Plus,30 minutes,yes,2026-07-14,0.1,24.9
llxprt-jefe,165,4920780598,https://github.com/vybestack/llxprt-jefe/pull/165#issuecomment-4920780598,2026-07-09T01:46:10Z,2026-07-09T03:01:09Z,Review limit reached,adaptive_fair_usage,Pro Plus,44 minutes,yes,2026-07-14,0.2,902.0
llxprt-luther,124,4921894508,https://github.com/vybestack/llxprt-luther/pull/124#issuecomment-4921894508,2026-07-09T05:35:45Z,2026-07-09T06:46:07Z,Review limit reached,adaptive_fair_usage,Pro Plus,9 minutes,yes,2026-07-14,0.1,2136.3
llxprt-jefe,167,4921899612,https://github.com/vybestack/llxprt-jefe/pull/167#issuecomment-4921899612,2026-07-09T05:36:48Z,2026-07-09T06:33:49Z,Review limit reached,adaptive_fair_usage,Pro Plus,21 minutes,yes,2026-07-14,0.2,671.4
llxprt-jefe,168,4922083678,https://github.com/vybestack/llxprt-jefe/pull/168#issuecomment-4922083678,2026-07-09T06:10:01Z,2026-07-09T19:08:07Z,Review limit reached,adaptive_fair_usage,Pro Plus,7 minutes,yes,2026-07-14,0.2,638.1
llxprt-jefe,172,4927442112,https://github.com/vybestack/llxprt-jefe/pull/172#issuecomment-4927442112,2026-07-09T16:40:19Z,2026-07-09T16:58:03Z,Review limit reached,adaptive_fair_usage,Pro Plus,41 minutes,yes,2026-07-14,0.6,7.8
llxprt-jefe,174,4928305305,https://github.com/vybestack/llxprt-jefe/pull/174#issuecomment-4928305305,2026-07-09T18:29:08Z,2026-07-10T15:08:06Z,Review limit reached,adaptive_fair_usage,Pro Plus,17 minutes,yes,2026-07-14,0.1,1460.9
llxprt-jefe,176,4928422035,https://github.com/vybestack/llxprt-jefe/pull/176#issuecomment-4928422035,2026-07-09T18:43:34Z,2026-07-09T18:49:36Z,Review limit reached,adaptive_fair_usage,Pro Plus,26 minutes,yes,2026-07-14,0.2,1446.4
llxprt-code,2471,4928782508,https://github.com/vybestack/llxprt-code/pull/2471#issuecomment-4928782508,2026-07-09T19:28:00Z,2026-07-09T19:28:00Z,Review limit reached,adaptive_fair_usage,Pro Plus,49 minutes,no,2026-07-14,0.2,500.6
llxprt-jefe,177,4928889682,https://github.com/vybestack/llxprt-jefe/pull/177#issuecomment-4928889682,2026-07-09T19:42:05Z,2026-07-09T20:48:59Z,Review limit reached,adaptive_fair_usage,Pro Plus,31 minutes,yes,2026-07-14,0.1,1387.9
llxprt-code,2473,4929012114,https://github.com/vybestack/llxprt-code/pull/2473#issuecomment-4929012114,2026-07-09T19:58:26Z,2026-07-09T21:06:59Z,Review limit reached,adaptive_fair_usage,Pro Plus,13 minutes,yes,2026-07-14,0.1,470.2
llxprt-code,2474,4929186065,https://github.com/vybestack/llxprt-code/pull/2474#issuecomment-4929186065,2026-07-09T20:21:11Z,2026-07-09T20:30:16Z,Review limit reached,adaptive_fair_usage,Pro Plus,50 minutes,yes,2026-07-14,0.7,447.5
llxprt-luther,126,4937529338,https://github.com/vybestack/llxprt-luther/pull/126#issuecomment-4937529338,2026-07-10T16:45:13Z,2026-07-11T01:33:29Z,Review limit reached,adaptive_fair_usage,Pro Plus,2 minutes,yes,2026-07-14,224.0,26.9
llxprt-jefe,180,4937714445,https://github.com/vybestack/llxprt-jefe/pull/180#issuecomment-4937714445,2026-07-10T17:09:05Z,2026-07-12T14:27:01Z,Review limit reached,adaptive_fair_usage,Pro Plus,19 minutes,yes,2026-07-14,0.1,100.9
llxprt-code,2491,4938738798,https://github.com/vybestack/llxprt-code/pull/2491#issuecomment-4938738798,2026-07-10T19:19:39Z,2026-07-10T20:16:12Z,Review limit reached,adaptive_fair_usage,Pro Plus,32 minutes,yes,2026-07-14,0.1,53.0
llxprt-jefe,191,4938836275,https://github.com/vybestack/llxprt-jefe/pull/191#issuecomment-4938836275,2026-07-10T19:33:43Z,2026-07-10T21:11:53Z,Review limit reached,adaptive_fair_usage,Pro Plus,42 minutes,yes,2026-07-14,0.1,24.5
llxprt-code,2493,4939461697,https://github.com/vybestack/llxprt-code/pull/2493#issuecomment-4939461697,2026-07-10T20:54:19Z,2026-07-12T16:34:08Z,Review limit reached,adaptive_fair_usage,Pro Plus,35 minutes,yes,2026-07-14,0.4,5.9
llxprt-jefe,192,4939565788,https://github.com/vybestack/llxprt-jefe/pull/192#issuecomment-4939565788,2026-07-10T21:10:13Z,2026-07-12T17:54:50Z,Review limit reached,adaptive_fair_usage,Pro Plus,18 minutes,yes,2026-07-14,0.1,2.5
llxprt-code,2495,4940365061,https://github.com/vybestack/llxprt-code/pull/2495#issuecomment-4940365061,2026-07-10T23:32:14Z,2026-07-11T01:25:17Z,Review limit reached,adaptive_fair_usage,Pro Plus,10 minutes,yes,2026-07-14,0.3,4.5
llxprt-code,2497,4940848441,https://github.com/vybestack/llxprt-code/pull/2497#issuecomment-4940848441,2026-07-11T00:45:36Z,2026-07-11T02:06:40Z,Review limit reached,adaptive_fair_usage,Pro Plus,32 minutes,yes,2026-07-14,0.1,63.8
llxprt-jefe,193,4942069015,https://github.com/vybestack/llxprt-jefe/pull/193#issuecomment-4942069015,2026-07-11T03:36:14Z,2026-07-11T04:32:03Z,Review limit reached,adaptive_fair_usage,Pro Plus,3 minutes,yes,2026-07-14,0.3,10.2
llxprt-jefe,199,4947071932,https://github.com/vybestack/llxprt-jefe/pull/199#issuecomment-4947071932,2026-07-11T15:19:05Z,2026-07-11T18:29:47Z,Review limit reached,adaptive_fair_usage,Pro Plus,4 minutes,yes,2026-07-14,0.1,80.2
llxprt-luther,128,4948150145,https://github.com/vybestack/llxprt-luther/pull/128#issuecomment-4948150145,2026-07-11T17:49:14Z,2026-07-11T17:49:14Z,Review limit reached,adaptive_fair_usage,Pro Plus,45 minutes,no,2026-07-14,0.1,821.6
llxprt-jefe,209,4948294130,https://github.com/vybestack/llxprt-jefe/pull/209#issuecomment-4948294130,2026-07-11T18:29:33Z,2026-07-11T23:43:23Z,Review limit reached,adaptive_fair_usage,Pro Plus,34 minutes,yes,2026-07-14,0.1,14.5
llxprt-jefe,217,4948430874,https://github.com/vybestack/llxprt-jefe/pull/217#issuecomment-4948430874,2026-07-11T19:15:43Z,2026-07-11T20:57:11Z,Review limit reached,adaptive_fair_usage,Pro Plus,54 minutes,yes,2026-07-14,0.1,31.4
llxprt-jefe,218,4948502169,https://github.com/vybestack/llxprt-jefe/pull/218#issuecomment-4948502169,2026-07-11T19:38:53Z,2026-07-11T20:56:02Z,Review limit reached,adaptive_fair_usage,Pro Plus,55 minutes,yes,2026-07-14,0.2,8.2
llxprt-code,2503,4948556148,https://github.com/vybestack/llxprt-code/pull/2503#issuecomment-4948556148,2026-07-11T19:56:41Z,2026-07-12T00:09:43Z,Review limit reached,adaptive_fair_usage,Pro Plus,8 minutes,yes,2026-07-14,0.1,10.7
llxprt-code,2504,4948581231,https://github.com/vybestack/llxprt-code/pull/2504#issuecomment-4948581231,2026-07-11T20:05:10Z,2026-07-12T09:27:11Z,Review limit reached,adaptive_fair_usage,Pro Plus,10 minutes,yes,2026-07-14,0.2,2.2
llxprt-code,2507,4948648883,https://github.com/vybestack/llxprt-code/pull/2507#issuecomment-4948648883,2026-07-11T20:27:50Z,2026-07-11T23:35:14Z,Review limit reached,adaptive_fair_usage,Pro Plus,42 minutes,yes,2026-07-14,0.1,235.7
llxprt-luther,130,4948885225,https://github.com/vybestack/llxprt-luther/pull/130#issuecomment-4948885225,2026-07-11T21:50:58Z,2026-07-13T04:00:58Z,Review limit reached,adaptive_fair_usage,Pro Plus,27 minutes,yes,2026-07-14,0.1,579.9
llxprt-jefe,221,4949082087,https://github.com/vybestack/llxprt-jefe/pull/221#issuecomment-4949082087,2026-07-11T23:04:00Z,2026-07-12T00:31:09Z,Review limit reached,adaptive_fair_usage,Pro Plus,46 minutes,yes,2026-07-14,0.2,3.2
llxprt-jefe,225,4949253974,https://github.com/vybestack/llxprt-jefe/pull/225#issuecomment-4949253974,2026-07-12T00:04:44Z,2026-07-12T02:06:25Z,Review limit reached,adaptive_fair_usage,Pro Plus,12 minutes,yes,2026-07-14,0.1,86.4
llxprt-jefe,226,4949353843,https://github.com/vybestack/llxprt-jefe/pull/226#issuecomment-4949353843,2026-07-12T00:40:53Z,2026-07-12T02:17:32Z,Review limit reached,adaptive_fair_usage,Pro Plus,1 minute,yes,2026-07-14,0.2,50.2
llxprt-jefe,231,4949759399,https://github.com/vybestack/llxprt-jefe/pull/231#issuecomment-4949759399,2026-07-12T03:15:59Z,2026-07-12T03:22:15Z,Review limit reached,adaptive_fair_usage,Pro Plus,36 minutes,yes,2026-07-14,0.2,52.1
llxprt-luther,133,4949785176,https://github.com/vybestack/llxprt-luther/pull/133#issuecomment-4949785176,2026-07-12T03:26:03Z,2026-07-12T18:35:15Z,Review limit reached,adaptive_fair_usage,Pro Plus,42 minutes,yes,2026-07-14,0.1,244.8
llxprt-code,2513,4949801008,https://github.com/vybestack/llxprt-code/pull/2513#issuecomment-4949801008,2026-07-12T03:33:03Z,2026-07-12T05:14:22Z,Review limit reached,adaptive_fair_usage,Pro Plus,49 minutes,yes,2026-07-14,0.1,375.6
llxprt-jefe,232,4949833807,https://github.com/vybestack/llxprt-jefe/pull/232#issuecomment-4949833807,2026-07-12T03:47:38Z,2026-07-12T03:47:38Z,Review limit reached,adaptive_fair_usage,Pro Plus,10 minutes,no,2026-07-14,0.1,20.5
llxprt-code,2514,4949857570,https://github.com/vybestack/llxprt-code/pull/2514#issuecomment-4949857570,2026-07-12T03:57:38Z,2026-07-12T14:29:15Z,Review limit reached,adaptive_fair_usage,Pro Plus,17 minutes,yes,2026-07-14,0.1,351.0
llxprt-code,2515,4949895900,https://github.com/vybestack/llxprt-code/pull/2515#issuecomment-4949895900,2026-07-12T04:12:27Z,2026-07-12T06:08:38Z,Review limit reached,adaptive_fair_usage,Pro Plus,58 minutes,yes,2026-07-14,0.1,336.2
llxprt-jefe,233,4949968704,https://github.com/vybestack/llxprt-jefe/pull/233#issuecomment-4949968704,2026-07-12T04:35:59Z,2026-07-12T06:41:43Z,Review limit reached,adaptive_fair_usage,Pro Plus,25 minutes,yes,2026-07-14,0.1,42.1
llxprt-jefe,234,4949977427,https://github.com/vybestack/llxprt-jefe/pull/234#issuecomment-4949977427,2026-07-12T04:39:52Z,2026-07-12T05:19:54Z,Review limit reached,adaptive_fair_usage,Pro Plus,44 minutes,yes,2026-07-14,0.1,38.2
llxprt-jefe,235,4950139916,https://github.com/vybestack/llxprt-jefe/pull/235#issuecomment-4950139916,2026-07-12T05:50:58Z,2026-07-12T14:15:18Z,Review limit reached,adaptive_fair_usage,Pro Plus,31 minutes,yes,2026-07-14,0.1,34.4
llxprt-jefe,236,4950147907,https://github.com/vybestack/llxprt-jefe/pull/236#issuecomment-4950147907,2026-07-12T05:54:40Z,2026-07-13T14:45:35Z,Review limit reached,adaptive_fair_usage,Pro Plus,40 minutes,yes,2026-07-14,0.1,30.7
llxprt-jefe,237,4950197617,https://github.com/vybestack/llxprt-jefe/pull/237#issuecomment-4950197617,2026-07-12T06:14:35Z,2026-07-12T14:11:58Z,Review limit reached,adaptive_fair_usage,Pro Plus,34 minutes,yes,2026-07-14,0.2,10.8
llxprt-code,2520,4950721351,https://github.com/vybestack/llxprt-code/pull/2520#issuecomment-4950721351,2026-07-12T09:42:17Z,2026-07-12T20:00:09Z,Review limit reached,adaptive_fair_usage,Pro Plus,26 minutes,yes,2026-07-14,0.3,6.4
llxprt-code,2521,4951516699,https://github.com/vybestack/llxprt-code/pull/2521#issuecomment-4951516699,2026-07-12T14:22:41Z,2026-07-12T18:21:05Z,Review limit reached,adaptive_fair_usage,Pro Plus,56 minutes,yes,2026-07-14,0.1,42.1
llxprt-jefe,242,4951935062,https://github.com/vybestack/llxprt-jefe/pull/242#issuecomment-4951935062,2026-07-12T16:35:03Z,2026-07-12T16:56:37Z,Review limit reached,adaptive_fair_usage,Pro Plus,12 minutes,yes,2026-07-14,0.2,56.2
llxprt-code,2526,4952223413,https://github.com/vybestack/llxprt-code/pull/2526#issuecomment-4952223413,2026-07-12T18:09:41Z,2026-07-14T16:49:50Z,Review limit reached,adaptive_fair_usage,Pro Plus,23 minutes,yes,2026-07-14,0.2,22.4
llxprt-jefe,246,4952270896,https://github.com/vybestack/llxprt-jefe/pull/246#issuecomment-4952270896,2026-07-12T18:24:53Z,2026-07-12T18:24:53Z,Review limit reached,adaptive_fair_usage,Pro Plus,53 minutes,no,2026-07-14,0.1,78.5
llxprt-jefe,247,4952464163,https://github.com/vybestack/llxprt-jefe/pull/247#issuecomment-4952464163,2026-07-12T19:27:44Z,2026-07-12T20:39:52Z,Review limit reached,adaptive_fair_usage,Pro Plus,47 minutes,yes,2026-07-14,0.1,15.7
llxprt-jefe,248,4952501305,https://github.com/vybestack/llxprt-jefe/pull/248#issuecomment-4952501305,2026-07-12T19:39:44Z,2026-07-12T20:47:36Z,Review limit reached,adaptive_fair_usage,Pro Plus,40 minutes,yes,2026-07-14,0.1,3.7
llxprt-jefe,249,4952551329,https://github.com/vybestack/llxprt-jefe/pull/249#issuecomment-4952551329,2026-07-12T19:55:42Z,2026-07-12T20:02:18Z,Review limit reached,adaptive_fair_usage,Pro Plus,24 minutes,yes,2026-07-14,0.1,29.0
llxprt-code,2530,4952578029,https://github.com/vybestack/llxprt-code/pull/2530#issuecomment-4952578029,2026-07-12T20:03:58Z,2026-07-12T20:03:58Z,Review limit reached,adaptive_fair_usage,Pro Plus,22 minutes,no,2026-07-14,0.1,51.9
llxprt-jefe,251,4952693854,https://github.com/vybestack/llxprt-jefe/pull/251#issuecomment-4952693854,2026-07-12T20:41:00Z,2026-07-12T21:17:53Z,Review limit reached,adaptive_fair_usage,Pro Plus,9 minutes,yes,2026-07-14,0.1,1005.5
llxprt-code,2538,4952970750,https://github.com/vybestack/llxprt-code/pull/2538#issuecomment-4952970750,2026-07-12T22:11:23Z,2026-07-12T22:11:23Z,Review limit reached,adaptive_fair_usage,Pro Plus,21 minutes,no,2026-07-14,0.1,167.2
llxprt-code,2543,4953169803,https://github.com/vybestack/llxprt-code/pull/2543#issuecomment-4953169803,2026-07-12T23:17:13Z,2026-07-12T23:22:22Z,Review limit reached,adaptive_fair_usage,Pro Plus,13 minutes,yes,2026-07-14,0.1,101.4
llxprt-luther,134,4953247513,https://github.com/vybestack/llxprt-luther/pull/134#issuecomment-4953247513,2026-07-12T23:42:59Z,2026-07-13T00:56:26Z,Review limit reached,adaptive_fair_usage,Pro Plus,53 minutes,yes,2026-07-14,0.3,11.8
llxprt-code,2545,4953449426,https://github.com/vybestack/llxprt-code/pull/2545#issuecomment-4953449426,2026-07-13T00:38:15Z,2026-07-14T02:16:50Z,Review limit reached,adaptive_fair_usage,Pro Plus,4 minutes,yes,2026-07-14,0.1,20.4
llxprt-code,2546,4953654592,https://github.com/vybestack/llxprt-code/pull/2546#issuecomment-4953654592,2026-07-13T01:32:09Z,2026-07-14T18:06:14Z,Review limit reached,adaptive_fair_usage,Pro Plus,30 minutes,yes,2026-07-14,0.2,207.1
llxprt-jefe,268,4958081476,https://github.com/vybestack/llxprt-jefe/pull/268#issuecomment-4958081476,2026-07-13T12:45:46Z,2026-07-13T13:59:41Z,Review limit reached,adaptive_fair_usage,Pro Plus,16 minutes,yes,2026-07-14,0.1,40.8
llxprt-jefe,271,4959078144,https://github.com/vybestack/llxprt-jefe/pull/271#issuecomment-4959078144,2026-07-13T14:32:07Z,2026-07-13T14:54:48Z,Review limit reached,adaptive_fair_usage,Pro Plus,30 minutes,yes,2026-07-14,0.1,71.1
llxprt-jefe,272,4959285962,https://github.com/vybestack/llxprt-jefe/pull/272#issuecomment-4959285962,2026-07-13T14:52:59Z,2026-07-13T15:57:19Z,Review limit reached,adaptive_fair_usage,Pro Plus,31 minutes,yes,2026-07-14,0.1,50.2
llxprt-jefe,274,4959746795,https://github.com/vybestack/llxprt-jefe/pull/274#issuecomment-4959746795,2026-07-13T15:39:39Z,2026-07-13T16:57:08Z,Review limit reached,adaptive_fair_usage,Pro Plus,34 minutes,yes,2026-07-14,0.1,3.5
llxprt-jefe,275,4960507055,https://github.com/vybestack/llxprt-jefe/pull/275#issuecomment-4960507055,2026-07-13T17:01:03Z,2026-07-13T23:46:59Z,Review limit reached,adaptive_fair_usage,Pro Plus,24 minutes,yes,2026-07-14,0.1,59.0
llxprt-jefe,276,4960587671,https://github.com/vybestack/llxprt-jefe/pull/276#issuecomment-4960587671,2026-07-13T17:10:24Z,2026-07-13T23:27:42Z,Review limit reached,adaptive_fair_usage,Pro Plus,43 minutes,yes,2026-07-14,0.1,49.6
llxprt-code,2558,4960630783,https://github.com/vybestack/llxprt-code/pull/2558#issuecomment-4960630783,2026-07-13T17:15:28Z,2026-07-13T19:24:21Z,Review limit reached,adaptive_fair_usage,Pro Plus,17 minutes,yes,2026-07-14,0.1,52.4
llxprt-jefe,277,4961059777,https://github.com/vybestack/llxprt-jefe/pull/277#issuecomment-4961059777,2026-07-13T18:03:46Z,2026-07-13T18:49:36Z,Review limit reached,adaptive_fair_usage,Pro Plus,52 minutes,yes,2026-07-14,0.1,134.9
llxprt-jefe,278,4961326478,https://github.com/vybestack/llxprt-jefe/pull/278#issuecomment-4961326478,2026-07-13T18:35:06Z,2026-07-13T23:38:01Z,Review limit reached,adaptive_fair_usage,Pro Plus,33 minutes,yes,2026-07-14,0.1,103.5
llxprt-jefe,279,4961390663,https://github.com/vybestack/llxprt-jefe/pull/279#issuecomment-4961390663,2026-07-13T18:42:35Z,2026-07-14T18:23:42Z,Review limit reached,adaptive_fair_usage,Pro Plus,13 minutes,yes,2026-07-14,0.1,96.1
llxprt-jefe,280,4962140818,https://github.com/vybestack/llxprt-jefe/pull/280#issuecomment-4962140818,2026-07-13T20:00:05Z,2026-07-13T20:45:18Z,Review limit reached,adaptive_fair_usage,Pro Plus,13 minutes,yes,2026-07-14,0.1,18.6
llxprt-jefe,281,4962166447,https://github.com/vybestack/llxprt-jefe/pull/281#issuecomment-4962166447,2026-07-13T20:02:33Z,2026-07-13T20:24:13Z,Review limit reached,adaptive_fair_usage,Pro Plus,34 minutes,yes,2026-07-14,0.1,16.1
llxprt-jefe,282,4962206423,https://github.com/vybestack/llxprt-jefe/pull/282#issuecomment-4962206423,2026-07-13T20:07:12Z,2026-07-14T00:57:09Z,Review limit reached,adaptive_fair_usage,Pro Plus,21 minutes,yes,2026-07-14,0.1,11.4
llxprt-code,2561,4962274144,https://github.com/vybestack/llxprt-code/pull/2561#issuecomment-4962274144,2026-07-13T20:15:38Z,2026-07-13T23:08:06Z,Review limit reached,adaptive_fair_usage,Pro Plus,1 minute,yes,2026-07-14,0.1,1234.2
llxprt-jefe,284,4963129867,https://github.com/vybestack/llxprt-jefe/pull/284#issuecomment-4963129867,2026-07-13T21:57:42Z,2026-07-13T22:54:04Z,Review limit reached,adaptive_fair_usage,Pro Plus,15 minutes,yes,2026-07-14,5.1,24.9
llxprt-jefe,285,4963129898,https://github.com/vybestack/llxprt-jefe/pull/285#issuecomment-4963129898,2026-07-13T21:57:42Z,2026-07-13T22:16:54Z,Review limit reached,adaptive_fair_usage,Pro Plus,52 minutes,yes,2026-07-14,0.2,24.9
llxprt-jefe,288,4964256014,https://github.com/vybestack/llxprt-jefe/pull/288#issuecomment-4964256014,2026-07-14T00:44:16Z,2026-07-14T02:53:28Z,Review limit reached,adaptive_fair_usage,Pro Plus,29 minutes,yes,2026-07-14,0.1,26.0
llxprt-jefe,289,4964311185,https://github.com/vybestack/llxprt-jefe/pull/289#issuecomment-4964311185,2026-07-14T00:52:16Z,2026-07-14T01:10:20Z,Review limit reached,adaptive_fair_usage,Pro Plus,8 minutes,yes,2026-07-14,0.1,18.0
llxprt-jefe,290,4964415854,https://github.com/vybestack/llxprt-jefe/pull/290#issuecomment-4964415854,2026-07-14T01:08:53Z,2026-07-14T02:12:22Z,Review limit reached,adaptive_fair_usage,Pro Plus,8 minutes,yes,2026-07-14,0.1,1.4
llxprt-jefe,291,4965261709,https://github.com/vybestack/llxprt-jefe/pull/291#issuecomment-4965261709,2026-07-14T04:00:38Z,2026-07-14T07:47:47Z,Review limit reached,adaptive_fair_usage,Pro Plus,53 minutes,yes,2026-07-14,0.4,4.8
llxprt-jefe,293,4965537920,https://github.com/vybestack/llxprt-jefe/pull/293#issuecomment-4965537920,2026-07-14T04:57:52Z,2026-07-14T05:23:22Z,Review limit reached,adaptive_fair_usage,Pro Plus,40 minutes,yes,2026-07-14,0.1,19.6
llxprt-code,2565,4965655795,https://github.com/vybestack/llxprt-code/pull/2565#issuecomment-4965655795,2026-07-14T05:20:14Z,2026-07-14T05:34:18Z,Review limit reached,adaptive_fair_usage,Pro Plus,29 minutes,yes,2026-07-14,0.1,689.6
llxprt-jefe,294,4965770717,https://github.com/vybestack/llxprt-jefe/pull/294#issuecomment-4965770717,2026-07-14T05:42:12Z,2026-07-14T15:49:13Z,Review limit reached,adaptive_fair_usage,Pro Plus,16 minutes,yes,2026-07-14,0.1,6.9
llxprt-code,2566,4967135331,https://github.com/vybestack/llxprt-code/pull/2566#issuecomment-4967135331,2026-07-14T08:52:35Z,2026-07-14T14:37:03Z,Review limit reached,adaptive_fair_usage,Pro Plus,16 minutes,yes,2026-07-14,0.3,477.2
llxprt-jefe,298,4967776509,https://github.com/vybestack/llxprt-jefe/pull/298#issuecomment-4967776509,2026-07-14T09:51:52Z,2026-07-14T14:01:27Z,Review limit reached,adaptive_fair_usage,Pro Plus,51 minutes,yes,2026-07-14,0.1,85.2
llxprt-jefe,299,4968377464,https://github.com/vybestack/llxprt-jefe/pull/299#issuecomment-4968377464,2026-07-14T10:55:03Z,2026-07-14T18:26:44Z,Review limit reached,adaptive_fair_usage,Pro Plus,10 minutes,yes,2026-07-14,0.3,22.0
llxprt-code,2568,4970269958,https://github.com/vybestack/llxprt-code/pull/2568#issuecomment-4970269958,2026-07-14T14:23:40Z,2026-07-14T15:55:53Z,Review limit reached,adaptive_fair_usage,Pro Plus,9 minutes,yes,2026-07-14,0.1,146.1
llxprt-code,2567,4970341889,https://github.com/vybestack/llxprt-code/pull/2567#issuecomment-4970341889,2026-07-14T14:30:36Z,2026-07-14T15:31:04Z,Review limit reached,temporary_limit,,,yes,2026-07-14,273.9,139.2
llxprt-jefe,300,4970989350,https://github.com/vybestack/llxprt-jefe/pull/300#issuecomment-4970989350,2026-07-14T15:32:42Z,2026-07-14T16:48:12Z,Review limit reached,adaptive_fair_usage,Pro Plus,25 minutes,yes,2026-07-14,0.1,0.4
llxprt-jefe,303,4972172300,https://github.com/vybestack/llxprt-jefe/pull/303#issuecomment-4972172300,2026-07-14T17:37:09Z,2026-07-14T18:28:29Z,Review limit reached,adaptive_fair_usage,Pro Plus,8 minutes,yes,2026-07-14,0.3,11.2
