repository,pr_number,reviewed_sha,first_finding_at,last_finding_at,root_findings,signal,example_url
llxprt-jefe,10,2568d5f3a34392d2946c1195b4e2467410dc01e8,2026-03-27T16:21:34Z,2026-03-27T16:21:34Z,1,root_inline_group,https://github.com/vybestack/llxprt-jefe/pull/10#discussion_r3001937531
llxprt-jefe,10,6615627c6542a68868edf53b00a50e561acfb6b7,2026-03-27T16:38:19Z,2026-03-27T16:38:19Z,1,root_inline_group,https://github.com/vybestack/llxprt-jefe/pull/10#discussion_r3002018684
llxprt-jefe,10,db1cb9a8a39e35abfab530014fd6fa7acef7278f,2026-03-27T19:37:45Z,2026-03-27T19:37:45Z,1,root_inline_group,https://github.com/vybestack/llxprt-jefe/pull/10#discussion_r3002847013
llxprt-jefe,10,752c0c334e41645a96aa3d2d13d917b67b5382e7,2026-03-27T20:59:01Z,2026-03-27T20:59:01Z,1,root_inline_group,https://github.com/vybestack/llxprt-jefe/pull/10#discussion_r3003209899
llxprt-jefe,14,c059f4f1a80efdbc5447d40a4f602a35b3a0e556,2026-03-29T01:20:09Z,2026-03-29T01:20:09Z,5,root_inline_group,https://github.com/vybestack/llxprt-jefe/pull/14#discussion_r3005564327
llxprt-jefe,14,74c59438e416fe33d63dc0c21a30919f1894f121,2026-03-29T01:31:59Z,2026-03-29T01:31:59Z,1,root_inline_group,https://github.com/vybestack/llxprt-jefe/pull/14#discussion_r3005572424
llxprt-jefe,14,40beafe0a016476299a533c7517bb6f435cd74bd,2026-03-29T01:58:43Z,2026-03-29T01:58:43Z,5,root_inline_group,https://github.com/vybestack/llxprt-jefe/pull/14#discussion_r3005593474
llxprt-jefe,14,57c34d2b40ede8db2a433bae13b0a95fbdb8c7a7,2026-03-29T03:25:48Z,2026-03-29T03:25:49Z,6,root_inline_group,https://github.com/vybestack/llxprt-jefe/pull/14#discussion_r3005652940
llxprt-jefe,14,5fe26696e15e193898b07e0b6624ba13b165a527,2026-03-29T04:08:49Z,2026-03-29T04:08:50Z,7,root_inline_group,https://github.com/vybestack/llxprt-jefe/pull/14#discussion_r3005681706
llxprt-jefe,14,12d816acf5675bddbd1588f73a237a9fe09a6bb3,2026-03-29T05:12:21Z,2026-03-29T05:12:21Z,1,root_inline_group,https://github.com/vybestack/llxprt-jefe/pull/14#discussion_r3005723513
llxprt-jefe,30,e0b0aec0f109cb461e985b4e99a25521c4007d7e,2026-03-30T05:15:24Z,2026-03-30T05:15:24Z,2,root_inline_group,https://github.com/vybestack/llxprt-jefe/pull/30#discussion_r3007573548
llxprt-jefe,30,d641155e4d98072e73bac800db67ca63a4a91d8d,2026-03-30T05:21:25Z,2026-03-30T05:21:26Z,4,root_inline_group,https://github.com/vybestack/llxprt-jefe/pull/30#discussion_r3007600006
llxprt-jefe,30,e63e075957a3db56df02d3180b6f4bfbf186317e,2026-03-30T05:41:30Z,2026-03-30T05:41:31Z,3,root_inline_group,https://github.com/vybestack/llxprt-jefe/pull/30#discussion_r3007658480
llxprt-jefe,30,0fbe88fda3024609ab5ddb313cd6fd3a684c4561,2026-03-30T05:52:09Z,2026-03-30T05:52:09Z,1,root_inline_group,https://github.com/vybestack/llxprt-jefe/pull/30#discussion_r3007690422
llxprt-jefe,30,f092efdf510d24d2a9de5497f44970fcd4b7d19c,2026-03-30T06:31:26Z,2026-03-30T06:31:26Z,1,root_inline_group,https://github.com/vybestack/llxprt-jefe/pull/30#discussion_r3007816411
llxprt-jefe,30,796fa52d324f7d82fe6f89bbd74f9d4a6e1c7fbe,2026-03-30T07:13:14Z,2026-03-30T07:13:14Z,1,root_inline_group,https://github.com/vybestack/llxprt-jefe/pull/30#discussion_r3007971751
llxprt-jefe,30,06f2fb4413ce96a379e7c7ffbd4fdd05ab95cfc7,2026-03-30T07:22:31Z,2026-03-30T07:22:31Z,2,root_inline_group,https://github.com/vybestack/llxprt-jefe/pull/30#discussion_r3008009356
llxprt-jefe,30,1869c5dbb405d23f735f4e86b556b5fcb8b39e87,2026-03-30T07:29:12Z,2026-03-30T07:29:12Z,1,root_inline_group,https://github.com/vybestack/llxprt-jefe/pull/30#discussion_r3008037499
llxprt-jefe,30,f9ab307f145d1e00643d25ec7f58e8206afe1a1c,2026-03-30T14:01:16Z,2026-03-30T14:01:16Z,1,root_inline_group,https://github.com/vybestack/llxprt-jefe/pull/30#discussion_r3010016181
llxprt-jefe,36,e36b9154e4dabdfcc57cb039518efa910912aeba,2026-04-04T20:59:29Z,2026-04-04T20:59:30Z,15,root_inline_group,https://github.com/vybestack/llxprt-jefe/pull/36#discussion_r3036043004
llxprt-jefe,36,f79f9e44e71d17574a2decd509c896bbbab91084,2026-04-04T21:38:16Z,2026-04-04T21:38:16Z,2,root_inline_group,https://github.com/vybestack/llxprt-jefe/pull/36#discussion_r3036079066
llxprt-jefe,36,77e345d67de391e8e3e2f023a9f73207c74260f1,2026-04-04T22:53:04Z,2026-04-04T22:53:05Z,10,root_inline_group,https://github.com/vybestack/llxprt-jefe/pull/36#discussion_r3036142734
llxprt-jefe,36,a4369977b6a721a6acd62a84a87fc6826894eaf1,2026-04-04T22:59:25Z,2026-04-04T22:59:25Z,1,root_inline_group,https://github.com/vybestack/llxprt-jefe/pull/36#discussion_r3036148009
llxprt-jefe,36,d03f49c75775423fcb7ecc9574a736ab9a249ba9,2026-04-04T23:17:50Z,2026-04-04T23:17:50Z,3,root_inline_group,https://github.com/vybestack/llxprt-jefe/pull/36#discussion_r3036162096
llxprt-jefe,36,8ba341bbb84829592ba178eda642359112ce14bc,2026-04-04T23:38:30Z,2026-04-04T23:38:30Z,1,root_inline_group,https://github.com/vybestack/llxprt-jefe/pull/36#discussion_r3036178197
llxprt-jefe,36,a36af044218d5e58b1c4a2c6fa8a237cb6e20517,2026-04-05T00:15:17Z,2026-04-05T00:15:17Z,1,root_inline_group,https://github.com/vybestack/llxprt-jefe/pull/36#discussion_r3036210914
llxprt-jefe,42,d76b20d29759dbaa4c53fd628e462970062c818d,2026-04-05T00:29:05Z,2026-04-05T00:29:05Z,1,root_inline_group,https://github.com/vybestack/llxprt-jefe/pull/42#discussion_r3036221085
llxprt-jefe,48,a06b44ce93ea82440c51fff7f597c7e62289ee9f,2026-04-05T08:42:26Z,2026-04-05T08:42:26Z,1,root_inline_group,https://github.com/vybestack/llxprt-jefe/pull/48#discussion_r3036596378
llxprt-jefe,49,0daa962192a0ff84e5f18b4499a7c9519a338725,2026-04-05T09:08:25Z,2026-04-05T09:08:25Z,5,root_inline_group,https://github.com/vybestack/llxprt-jefe/pull/49#discussion_r3036621218
llxprt-jefe,51,ea30b1123bc7da889ceb66dcf58804eb02a9d602,2026-04-06T04:18:17Z,2026-04-06T04:18:17Z,1,root_inline_group,https://github.com/vybestack/llxprt-jefe/pull/51#discussion_r3037884558
llxprt-jefe,52,d626375b576d3601a8f4d6330cb44ac89c116cbf,2026-04-06T04:27:55Z,2026-04-06T04:27:55Z,1,root_inline_group,https://github.com/vybestack/llxprt-jefe/pull/52#discussion_r3037904617
llxprt-jefe,52,17790a76e558f2d13f808c116cf04959cec37a5a,2026-04-06T04:39:03Z,2026-04-06T04:39:03Z,2,root_inline_group,https://github.com/vybestack/llxprt-jefe/pull/52#discussion_r3037932384
llxprt-jefe,53,66cd858b18fd50bbff1a832f063a1e09c2e2cfab,2026-04-06T04:39:06Z,2026-04-06T04:39:06Z,6,root_inline_group,https://github.com/vybestack/llxprt-jefe/pull/53#discussion_r3037932548
llxprt-jefe,53,efab587a8a44fd0eeb6bf8ba08fcb608cd0dfd5e,2026-04-06T04:50:49Z,2026-04-06T04:50:49Z,1,root_inline_group,https://github.com/vybestack/llxprt-jefe/pull/53#discussion_r3037964382
llxprt-jefe,57,066ee8e16c79f6bcf782cb74957869376b029d28,2026-04-06T05:43:57Z,2026-04-06T05:43:57Z,2,root_inline_group,https://github.com/vybestack/llxprt-jefe/pull/57#discussion_r3038086209
llxprt-jefe,57,ebf3161e8a4d878191f60aaa5b744178df3a053c,2026-04-06T05:56:55Z,2026-04-06T05:56:55Z,2,root_inline_group,https://github.com/vybestack/llxprt-jefe/pull/57#discussion_r3038117202
llxprt-jefe,53,12affc5518ae7f34ef3a831ce0931204d9dc4c53,2026-04-06T06:03:41Z,2026-04-06T06:03:41Z,2,root_inline_group,https://github.com/vybestack/llxprt-jefe/pull/53#discussion_r3038133588
llxprt-jefe,57,291865812f6b510ee38ff8668e9ed42a794874ff,2026-04-06T06:11:24Z,2026-04-06T06:11:24Z,2,root_inline_group,https://github.com/vybestack/llxprt-jefe/pull/57#discussion_r3038152933
llxprt-jefe,57,12584084979370a761991c130b98b2617f180285,2026-04-07T06:00:19Z,2026-04-07T06:00:19Z,1,root_inline_group,https://github.com/vybestack/llxprt-jefe/pull/57#discussion_r3043128312
llxprt-jefe,57,95b08817a3ba0e1c35c96cd2483813d721ceccf4,2026-04-07T14:47:21Z,2026-04-07T14:47:21Z,1,root_inline_group,https://github.com/vybestack/llxprt-jefe/pull/57#discussion_r3045826854
llxprt-code,1913,23351deaa38e5c9d407de2510351362a1dca34d1,2026-05-08T20:40:39Z,2026-05-08T20:40:39Z,1,root_inline_group,https://github.com/vybestack/llxprt-code/pull/1913#discussion_r3211216571
llxprt-code,1944,5dde6cfa617ab014d01a1c86d9b8389c153a117f,2026-06-05T17:20:52Z,2026-06-05T17:20:52Z,1,root_inline_group,https://github.com/vybestack/llxprt-code/pull/1944#discussion_r3364246401
llxprt-code,1947,5ef5a0bd3dc826fb9562b5a14f6af981079552d3,2026-06-05T20:23:48Z,2026-06-05T20:23:49Z,4,root_inline_group,https://github.com/vybestack/llxprt-code/pull/1947#discussion_r3365174673
llxprt-code,1947,f9020b809f34742967fe14d096b8b751e366d12b,2026-06-05T21:08:27Z,2026-06-05T21:08:27Z,3,root_inline_group,https://github.com/vybestack/llxprt-code/pull/1947#discussion_r3365400432
llxprt-code,1948,e9e7c886a543542da0125af154e4bcca76378e11,2026-06-05T21:44:12Z,2026-06-05T21:44:12Z,1,root_inline_group,https://github.com/vybestack/llxprt-code/pull/1948#discussion_r3365545843
llxprt-code,1947,4a66e5e601f1918b97fdfeac8fd23fd8d24e1b4c,2026-06-05T22:21:09Z,2026-06-05T22:21:09Z,1,root_inline_group,https://github.com/vybestack/llxprt-code/pull/1947#discussion_r3365688524
llxprt-code,1950,c9bc3812fc8670e04d9bd3f375c14df1394d78c5,2026-06-05T22:21:30Z,2026-06-05T22:21:30Z,1,root_inline_group,https://github.com/vybestack/llxprt-code/pull/1950#discussion_r3365690059
llxprt-code,1947,67c65c01787ac1e406a62f510fb4ba799085ad5b,2026-06-05T22:37:55Z,2026-06-05T22:37:55Z,1,root_inline_group,https://github.com/vybestack/llxprt-code/pull/1947#discussion_r3365749329
llxprt-code,1949,c533620a6c9fcb22eb4bda01d20b9ae124357752,2026-06-05T22:42:36Z,2026-06-05T22:42:36Z,1,root_inline_group,https://github.com/vybestack/llxprt-code/pull/1949#discussion_r3365764064
llxprt-code,1947,9fbb71640c82d57415fc88423635d4d289696636,2026-06-05T23:27:17Z,2026-06-05T23:27:17Z,3,root_inline_group,https://github.com/vybestack/llxprt-code/pull/1947#discussion_r3365896319
llxprt-code,1947,c24d719eb1c9adf26ed652f9ee9f4b04413ddea5,2026-06-05T23:49:03Z,2026-06-05T23:49:03Z,1,root_inline_group,https://github.com/vybestack/llxprt-code/pull/1947#discussion_r3365953962
llxprt-code,1947,26b973abfd1fe15d554859b871aed2e22d9a02b7,2026-06-06T00:24:00Z,2026-06-06T00:24:00Z,1,root_inline_group,https://github.com/vybestack/llxprt-code/pull/1947#discussion_r3366022158
llxprt-luther,28,7bf8f3a7e846671bfd85e7e2ea9bf1f1a8df4088,2026-06-06T01:05:51Z,2026-06-06T01:05:52Z,3,root_inline_group,https://github.com/vybestack/llxprt-luther/pull/28#discussion_r3366163651
llxprt-code,1947,307900a39875ab781f07853c538be3db3c2c6df6,2026-06-06T01:08:13Z,2026-06-06T01:08:13Z,1,root_inline_group,https://github.com/vybestack/llxprt-code/pull/1947#discussion_r3366169010
llxprt-code,1947,499ba48790c9ff689ecd74a1b32d2ef38603a2b3,2026-06-06T01:38:49Z,2026-06-06T01:38:49Z,1,root_inline_group,https://github.com/vybestack/llxprt-code/pull/1947#discussion_r3366266115
llxprt-code,1952,5ed8df8468e5cc06b96aa39b8c4e9c690783d513,2026-06-06T03:43:35Z,2026-06-06T03:43:35Z,3,root_inline_group,https://github.com/vybestack/llxprt-code/pull/1952#discussion_r3366563157
llxprt-code,1953,ca32ef9a25ce329174e30874ce13fc957f8814e8,2026-06-06T07:22:15Z,2026-06-06T07:22:16Z,12,root_inline_group,https://github.com/vybestack/llxprt-code/pull/1953#discussion_r3366896972
llxprt-code,1957,b28489bd4ff671fabe6f78debf5d545700cbbbbd,2026-06-06T20:56:44Z,2026-06-06T20:56:44Z,1,root_inline_group,https://github.com/vybestack/llxprt-code/pull/1957#discussion_r3368223124
llxprt-code,1957,1e09b867f1204684f98ef179f24b1458ed00bdab,2026-06-06T21:29:55Z,2026-06-06T21:29:55Z,1,root_inline_group,https://github.com/vybestack/llxprt-code/pull/1957#discussion_r3368264362
llxprt-code,1959,5d2a896ecc60020cfd2c0dac95f3da90adc8fda9,2026-06-06T22:15:52Z,2026-06-06T22:15:53Z,3,root_inline_group,https://github.com/vybestack/llxprt-code/pull/1959#discussion_r3368355902
llxprt-code,1961,54e501ff49ad4c7733ef63a1e39248644758dee5,2026-06-07T00:32:25Z,2026-06-07T00:32:26Z,3,root_inline_group,https://github.com/vybestack/llxprt-code/pull/1961#discussion_r3368506036
llxprt-code,1959,6c602ca66d01261602a0714a8f1044a2e6cd1412,2026-06-07T21:54:14Z,2026-06-07T21:54:14Z,1,root_inline_group,https://github.com/vybestack/llxprt-code/pull/1959#discussion_r3370149014
llxprt-code,1969,f55c114530ab62c052d40c7ae6469e44961c7409,2026-06-08T18:57:44Z,2026-06-08T18:57:44Z,1,root_inline_group,https://github.com/vybestack/llxprt-code/pull/1969#discussion_r3375643021
llxprt-code,1971,922e900eea4e002cfd93b83c50c8b7f2163a9df7,2026-06-08T22:04:04Z,2026-06-08T22:04:04Z,2,root_inline_group,https://github.com/vybestack/llxprt-code/pull/1971#discussion_r3376621874
llxprt-code,1974,6ea857b3b337bb58154750318f697b6a890bfeda,2026-06-09T04:13:21Z,2026-06-09T04:13:21Z,1,root_inline_group,https://github.com/vybestack/llxprt-code/pull/1974#discussion_r3377868299
llxprt-code,1973,3572d109a5e366342cf7574d1bfbf6d2451e595e,2026-06-09T04:15:04Z,2026-06-09T04:15:04Z,3,root_inline_group,https://github.com/vybestack/llxprt-code/pull/1973#discussion_r3377873681
llxprt-code,1974,1c4e74e6305d238a0355b2bbb20963ac5e174137,2026-06-09T12:37:13Z,2026-06-09T12:37:13Z,1,root_inline_group,https://github.com/vybestack/llxprt-code/pull/1974#discussion_r3380618458
llxprt-code,1975,ba18442683358e2da21ec5acbe6a0c72f7ca156f,2026-06-09T12:57:59Z,2026-06-09T12:58:00Z,4,root_inline_group,https://github.com/vybestack/llxprt-code/pull/1975#discussion_r3380767400
llxprt-code,1976,ce2f1e30d3fe07e3a3152f723fb5789844114072,2026-06-09T17:53:31Z,2026-06-09T17:53:33Z,23,root_inline_group,https://github.com/vybestack/llxprt-code/pull/1976#discussion_r3382764563
llxprt-code,1979,4d86eba0cd2ea4d2f7b39b16fc88676057156c05,2026-06-09T21:01:07Z,2026-06-09T21:01:09Z,14,root_inline_group,https://github.com/vybestack/llxprt-code/pull/1979#discussion_r3383820988
llxprt-code,1980,5e500eadab87624212a4a502528cf8f6a52f5a2b,2026-06-09T21:25:53Z,2026-06-09T21:25:54Z,17,root_inline_group,https://github.com/vybestack/llxprt-code/pull/1980#discussion_r3383949558
llxprt-luther,30,cca7fe01f57dbc72664052a064cc03774ef22447,2026-06-09T21:29:59Z,2026-06-09T21:29:59Z,2,root_inline_group,https://github.com/vybestack/llxprt-luther/pull/30#discussion_r3383969318
llxprt-code,1979,15476e875485b21fe3ca0b2e96432e7eba73943f,2026-06-09T22:25:53Z,2026-06-09T22:25:53Z,1,root_inline_group,https://github.com/vybestack/llxprt-code/pull/1979#discussion_r3384227004
llxprt-luther,31,7cb5bda3d44d1f215c1cb0a74d8a21811d0227c0,2026-06-10T00:04:42Z,2026-06-10T00:04:42Z,1,root_inline_group,https://github.com/vybestack/llxprt-luther/pull/31#discussion_r3384598585
llxprt-code,1980,4da8b5f2212a749c226457b91e75658e058f2730,2026-06-10T00:46:11Z,2026-06-10T00:46:11Z,1,root_inline_group,https://github.com/vybestack/llxprt-code/pull/1980#discussion_r3384738328
llxprt-code,1982,80409ec0d3fa36ab054b7e3a2e52bde340ae6b8b,2026-06-10T17:40:36Z,2026-06-10T17:40:37Z,16,root_inline_group,https://github.com/vybestack/llxprt-code/pull/1982#discussion_r3390314809
llxprt-code,1983,216b6fba528e42c7b9bb4f9b986312124ef77443,2026-06-10T17:54:42Z,2026-06-10T17:54:43Z,9,root_inline_group,https://github.com/vybestack/llxprt-code/pull/1983#discussion_r3390403709
llxprt-code,1984,6fddd10591cfde23c5ba912a64a0da2ff5e67c3a,2026-06-10T18:50:54Z,2026-06-10T18:50:55Z,7,root_inline_group,https://github.com/vybestack/llxprt-code/pull/1984#discussion_r3390761050
llxprt-code,1982,cfee23df6e7f9661ecb4a8fd326103766ecc60c8,2026-06-10T19:33:17Z,2026-06-10T19:33:17Z,1,root_inline_group,https://github.com/vybestack/llxprt-code/pull/1982#discussion_r3390997937
llxprt-luther,33,b4477d74bb4f23469e34a1e54eb43fa1b19bbeba,2026-06-10T21:48:13Z,2026-06-10T21:48:13Z,1,root_inline_group,https://github.com/vybestack/llxprt-luther/pull/33#discussion_r3391739018
llxprt-code,1992,555592fd6f21aaafc0fea33e477b78ec4b31e1a6,2026-06-10T23:43:43Z,2026-06-10T23:43:43Z,2,root_inline_group,https://github.com/vybestack/llxprt-code/pull/1992#discussion_r3392292374
llxprt-code,1991,a9779df8ee9a80cfd2c1e3ee2c82078ae395fc00,2026-06-11T05:22:28Z,2026-06-11T05:22:28Z,2,root_inline_group,https://github.com/vybestack/llxprt-code/pull/1991#discussion_r3393464931
llxprt-luther,37,a0e0c7b29b394361b36a703efbd2e5559bd09844,2026-06-11T20:11:02Z,2026-06-11T20:11:02Z,3,root_inline_group,https://github.com/vybestack/llxprt-luther/pull/37#discussion_r3398867415
llxprt-code,1994,f208e363f864a0238648afd4256d58044a410b3f,2026-06-11T21:29:19Z,2026-06-11T21:29:19Z,1,root_inline_group,https://github.com/vybestack/llxprt-code/pull/1994#discussion_r3399294099
llxprt-code,1996,2c54326a75342e456a527788f3e089e289e880ac,2026-06-11T21:51:04Z,2026-06-11T21:51:04Z,2,root_inline_group,https://github.com/vybestack/llxprt-code/pull/1996#discussion_r3399395965
llxprt-luther,39,eb896f46fd444765442f7ef3180a570af772f6ff,2026-06-12T00:14:48Z,2026-06-12T00:14:48Z,4,root_inline_group,https://github.com/vybestack/llxprt-luther/pull/39#discussion_r3399898069
llxprt-code,1999,85f6b9a5d19a0ca6049e4c535621767fef15354c,2026-06-12T01:26:55Z,2026-06-12T01:26:56Z,13,root_inline_group,https://github.com/vybestack/llxprt-code/pull/1999#discussion_r3400087492
llxprt-luther,44,e875a6c15f129e6d6ddba9d922669d834e36b051,2026-06-12T03:44:01Z,2026-06-12T03:44:01Z,5,root_inline_group,https://github.com/vybestack/llxprt-luther/pull/44#discussion_r3400519601
llxprt-code,1998,f9455f7d1c82325ba321439c7b668a8941d43ef6,2026-06-12T07:37:13Z,2026-06-12T07:37:13Z,1,root_inline_group,https://github.com/vybestack/llxprt-code/pull/1998#discussion_r3401551325
llxprt-code,2004,,2026-06-12T08:53:18Z,2026-06-12T08:53:18Z,0,explicit_review_finished,https://github.com/vybestack/llxprt-code/pull/2004#issuecomment-4689300065
llxprt-code,1998,270041839fb8a8b13779a389948b73b6a541cb84,2026-06-12T17:25:44Z,2026-06-12T17:25:44Z,1,root_inline_group,https://github.com/vybestack/llxprt-code/pull/1998#discussion_r3405102793
llxprt-jefe,61,,2026-06-12T18:30:51Z,2026-06-12T18:30:51Z,0,explicit_review_finished,https://github.com/vybestack/llxprt-jefe/pull/61#issuecomment-4694145455
llxprt-code,2011,9c855529d9b5be402102a7dd8095e4cb7aa4b2e9,2026-06-12T21:54:24Z,2026-06-12T21:54:24Z,4,root_inline_group,https://github.com/vybestack/llxprt-code/pull/2011#discussion_r3406424753
llxprt-code,2011,5a8e942aa6627b3ff8003e9459a00e82016127da,2026-06-12T22:22:47Z,2026-06-12T22:22:47Z,1,root_inline_group,https://github.com/vybestack/llxprt-code/pull/2011#discussion_r3406522056
llxprt-code,2009,51e7e40861995c3151df1d90b78121c9659e6fce,2026-06-12T22:23:12Z,2026-06-12T22:23:12Z,1,root_inline_group,https://github.com/vybestack/llxprt-code/pull/2009#discussion_r3406523244
llxprt-code,2011,035d6770d9551d39236596d2fb384c62f6f3bd31,2026-06-12T22:47:22Z,2026-06-12T22:47:22Z,2,root_inline_group,https://github.com/vybestack/llxprt-code/pull/2011#discussion_r3406615454
llxprt-code,2012,ebb49144a8c69b8222f5401a955276c8954062d0,2026-06-12T23:17:19Z,2026-06-12T23:17:19Z,4,root_inline_group,https://github.com/vybestack/llxprt-code/pull/2012#discussion_r3406713389
llxprt-code,2011,73b233136a6229e9ac6234642419256c2f2b1514,2026-06-12T23:28:23Z,2026-06-12T23:28:23Z,1,root_inline_group,https://github.com/vybestack/llxprt-code/pull/2011#discussion_r3406746643
llxprt-code,2011,7a64550a6f65af611dafc16740376fe41df90125,2026-06-13T00:38:21Z,2026-06-13T00:38:21Z,1,root_inline_group,https://github.com/vybestack/llxprt-code/pull/2011#discussion_r3406938806
llxprt-code,2011,30cae5b7efc3a6ac09edc0ef321c7e7e5f7c46e8,2026-06-13T01:53:34Z,2026-06-13T01:53:34Z,1,root_inline_group,https://github.com/vybestack/llxprt-code/pull/2011#discussion_r3407127813
llxprt-code,2006,08f9bab28b9b70c408b301e4dfc5651ceb1c2c35,2026-06-13T02:16:15Z,2026-06-13T02:16:15Z,2,root_inline_group,https://github.com/vybestack/llxprt-code/pull/2006#discussion_r3407179973
llxprt-code,2011,c19967a6ac8e80dff5324d235d0f2e9a9d6b540c,2026-06-13T02:30:58Z,2026-06-13T02:30:58Z,2,root_inline_group,https://github.com/vybestack/llxprt-code/pull/2011#discussion_r3407196287
llxprt-code,2011,392ce6d4a58ccecdab2f20ab57fca5ea4d88c5c9,2026-06-13T02:52:00Z,2026-06-13T02:52:00Z,1,root_inline_group,https://github.com/vybestack/llxprt-code/pull/2011#discussion_r3407234569
llxprt-code,2028,d5e12458be986a1c9c7a27d375010d5f08851d75,2026-06-13T20:15:41Z,2026-06-13T20:15:41Z,2,root_inline_group,https://github.com/vybestack/llxprt-code/pull/2028#discussion_r3408549365
llxprt-code,2031,a91549e4cb38f3cf77a92422d8254d843e922d56,2026-06-13T20:56:23Z,2026-06-13T20:56:23Z,2,root_inline_group,https://github.com/vybestack/llxprt-code/pull/2031#discussion_r3408597491
llxprt-code,2032,7946a5f37f61c1e7cd7bc528c18d05a43fddc880,2026-06-13T22:48:26Z,2026-06-13T22:48:26Z,3,root_inline_group,https://github.com/vybestack/llxprt-code/pull/2032#discussion_r3408716209
llxprt-jefe,63,79ea369d8655ba6df7fbf64a91c00d71e943378a,2026-06-15T13:16:54Z,2026-06-15T13:16:54Z,1,root_inline_group,https://github.com/vybestack/llxprt-jefe/pull/63#discussion_r3413745608
llxprt-code,2039,d52da0e19a405a45803b23e57267e50307ee8e9a,2026-06-15T13:24:34Z,2026-06-15T13:24:35Z,7,root_inline_group,https://github.com/vybestack/llxprt-code/pull/2039#discussion_r3413794910
llxprt-jefe,64,94a7549f26a45fa31ae75464d478a8a8ccfd8745,2026-06-15T14:10:08Z,2026-06-15T14:10:08Z,1,root_inline_group,https://github.com/vybestack/llxprt-jefe/pull/64#discussion_r3414103393
llxprt-code,2043,b2e8b18b59463e6626981a8f61ecb28f86106383,2026-06-15T15:57:38Z,2026-06-15T15:57:38Z,1,root_inline_group,https://github.com/vybestack/llxprt-code/pull/2043#discussion_r3414825659
llxprt-luther,56,c001bdef9175a7bd6b2ca31e01881a00bfe3ef43,2026-06-15T18:24:48Z,2026-06-15T18:24:48Z,4,root_inline_group,https://github.com/vybestack/llxprt-luther/pull/56#discussion_r3415659767
llxprt-luther,57,34d015c3cc4c2a7aff710be07dd449ff54c34dee,2026-06-15T19:37:32Z,2026-06-15T19:37:33Z,7,root_inline_group,https://github.com/vybestack/llxprt-luther/pull/57#discussion_r3416078121
llxprt-luther,57,378c734bbb2241bcbc22ca550132cdd887c45c80,2026-06-15T20:21:18Z,2026-06-15T20:21:18Z,1,root_inline_group,https://github.com/vybestack/llxprt-luther/pull/57#discussion_r3416332283
llxprt-luther,58,cf6b81a7f7387270afaf15ef584cfafa97693ca8,2026-06-15T21:19:29Z,2026-06-15T21:19:29Z,6,root_inline_group,https://github.com/vybestack/llxprt-luther/pull/58#discussion_r3416635757
llxprt-luther,59,46ec6e4b7b0c06a3cf2efe077095eac6c83e2c38,2026-06-15T22:20:41Z,2026-06-15T22:20:42Z,3,root_inline_group,https://github.com/vybestack/llxprt-luther/pull/59#discussion_r3416908027
llxprt-code,2050,52e3edccf159ef0c2faf0e9dd0cd0c8171c07086,2026-06-16T02:34:45Z,2026-06-16T02:34:45Z,1,root_inline_group,https://github.com/vybestack/llxprt-code/pull/2050#discussion_r3417783139
llxprt-code,2052,fe94ed642ecdd83a7fc1108c07879000a9db1465,2026-06-16T17:17:33Z,2026-06-16T17:17:33Z,3,root_inline_group,https://github.com/vybestack/llxprt-code/pull/2052#discussion_r3422686468
llxprt-jefe,66,103510d137e55be7939797e28781851d75c4a5dc,2026-06-16T18:52:00Z,2026-06-16T18:52:00Z,6,root_inline_group,https://github.com/vybestack/llxprt-jefe/pull/66#discussion_r3423237651
llxprt-jefe,66,54c6406ce1f6a33f5c4f049a12fee6375d74725d,2026-06-16T19:06:14Z,2026-06-16T19:06:14Z,1,root_inline_group,https://github.com/vybestack/llxprt-jefe/pull/66#discussion_r3423332142
llxprt-jefe,66,14aecb1bf88cd586c601bcacef3d7d6832f1f997,2026-06-16T19:16:54Z,2026-06-16T19:16:54Z,1,root_inline_group,https://github.com/vybestack/llxprt-jefe/pull/66#discussion_r3423394856
llxprt-code,2070,7b23c7d85fef83e7ec2024d4a03c7ae094621e72,2026-06-17T00:10:19Z,2026-06-17T00:10:19Z,4,root_inline_group,https://github.com/vybestack/llxprt-code/pull/2070#discussion_r3424771471
llxprt-code,2071,6b5a7f58a18c87b4b77c4dd1d0c4c6c51cc6923a,2026-06-17T01:16:17Z,2026-06-17T01:16:17Z,1,root_inline_group,https://github.com/vybestack/llxprt-code/pull/2071#discussion_r3424988061
llxprt-code,2072,b4cac5bb7993b8b7434fc91c2e6ea7a4c45be54c,2026-06-17T01:22:51Z,2026-06-17T01:22:51Z,2,root_inline_group,https://github.com/vybestack/llxprt-code/pull/2072#discussion_r3425004584
llxprt-code,2070,777f70aa4f300995814a7b277f7ce869e5971b9f,2026-06-17T06:38:27Z,2026-06-17T06:38:27Z,1,root_inline_group,https://github.com/vybestack/llxprt-code/pull/2070#discussion_r3426080540
llxprt-code,2052,2d7aeac7ff0da7016f2bcc423a66278a1c3e8780,2026-06-17T14:53:10Z,2026-06-17T14:53:10Z,1,root_inline_group,https://github.com/vybestack/llxprt-code/pull/2052#discussion_r3429133039
llxprt-code,2077,61756ab3f837ee7ef863e50621ccebf4d3ab0203,2026-06-17T17:25:39Z,2026-06-17T17:25:39Z,1,root_inline_group,https://github.com/vybestack/llxprt-code/pull/2077#discussion_r3430200187
llxprt-code,2094,c4e7191ac70e9aecdcb4aa28d0c28681cb8566e6,2026-06-17T17:38:39Z,2026-06-17T17:38:39Z,1,root_inline_group,https://github.com/vybestack/llxprt-code/pull/2094#discussion_r3430278855
llxprt-code,2095,a44545a07362f965d4c14ff31f9215a112855d6d,2026-06-17T19:22:52Z,2026-06-17T19:22:52Z,1,root_inline_group,https://github.com/vybestack/llxprt-code/pull/2095#discussion_r3430871879
llxprt-code,2096,d5c8f938905b093bdd6ad4c93ecc8a0310de95d8,2026-06-17T20:44:42Z,2026-06-17T20:44:43Z,5,root_inline_group,https://github.com/vybestack/llxprt-code/pull/2096#discussion_r3431334165
llxprt-jefe,67,90eaa2f3f5f4ff23c9ccbab3e077ede50e8969ff,2026-06-17T21:58:52Z,2026-06-17T21:58:52Z,2,root_inline_group,https://github.com/vybestack/llxprt-jefe/pull/67#discussion_r3431712764
llxprt-code,2097,787f9b6aba65a657ebbf9d9fa55d0bae76fded34,2026-06-17T22:38:39Z,2026-06-17T22:38:39Z,2,root_inline_group,https://github.com/vybestack/llxprt-code/pull/2097#discussion_r3431877886
llxprt-code,2098,c3f9e9c9e22dfe32a5f945a8508ec1cd3f4eabe7,2026-06-18T02:58:40Z,2026-06-18T02:58:41Z,17,root_inline_group,https://github.com/vybestack/llxprt-code/pull/2098#discussion_r3432699521
llxprt-code,2098,f8db5a82fecd37d80b9bb9cb0cbe5dbb83859027,2026-06-18T03:23:36Z,2026-06-18T03:23:36Z,2,root_inline_group,https://github.com/vybestack/llxprt-code/pull/2098#discussion_r3432766180
llxprt-jefe,76,cc5b2a98429c3b9fa773c625345e7e7be29a16b9,2026-06-18T19:31:03Z,2026-06-18T19:31:03Z,2,root_inline_group,https://github.com/vybestack/llxprt-jefe/pull/76#discussion_r3438415925
llxprt-code,2100,ea5d60638b0fa2481b4a24bce24dcff40b7d2a9f,2026-06-18T19:42:45Z,2026-06-18T19:42:47Z,21,root_inline_group,https://github.com/vybestack/llxprt-code/pull/2100#discussion_r3438478500
llxprt-code,2100,2150eb5dcaea3a0aa709d9b22c569a8251f164bf,2026-06-18T20:04:09Z,2026-06-18T20:04:09Z,1,root_inline_group,https://github.com/vybestack/llxprt-code/pull/2100#discussion_r3438585846
llxprt-code,2101,88348d69219240293039fb57f02708409171a4c5,2026-06-18T20:29:49Z,2026-06-18T20:29:50Z,22,root_inline_group,https://github.com/vybestack/llxprt-code/pull/2101#discussion_r3438711408
llxprt-code,2100,da66a8416da44f7a63ccd7ef8dd4020ec9b8d673,2026-06-18T20:43:15Z,2026-06-18T20:43:15Z,1,root_inline_group,https://github.com/vybestack/llxprt-code/pull/2100#discussion_r3438775932
llxprt-code,2101,fb8655579373128e35ada8dbe9df823478c94ac6,2026-06-18T20:48:40Z,2026-06-18T20:48:40Z,1,root_inline_group,https://github.com/vybestack/llxprt-code/pull/2101#discussion_r3438806838
llxprt-code,2100,f565c53fbbc5eb0b4b7c5ca3edb6e3e7f380624e,2026-06-18T21:15:28Z,2026-06-18T21:15:28Z,1,root_inline_group,https://github.com/vybestack/llxprt-code/pull/2100#discussion_r3438931712
llxprt-code,2102,641786ee683e2a046ea2fb61185f5ce1a838fcba,2026-06-18T21:41:28Z,2026-06-18T21:41:28Z,11,root_inline_group,https://github.com/vybestack/llxprt-code/pull/2102#discussion_r3439040223
llxprt-jefe,77,,2026-06-18T22:15:02Z,2026-06-18T22:15:02Z,0,explicit_review_finished,https://github.com/vybestack/llxprt-jefe/pull/77#issuecomment-4746555500
llxprt-code,2101,db1baa4b147b3d021b839910ecc4eae73aab20c6,2026-06-18T22:19:17Z,2026-06-18T22:19:17Z,1,root_inline_group,https://github.com/vybestack/llxprt-code/pull/2101#discussion_r3439193882
llxprt-code,2103,d9181705381e948b3dbf3bf42d153bd57b016a31,2026-06-18T23:34:35Z,2026-06-18T23:34:36Z,16,root_inline_group,https://github.com/vybestack/llxprt-code/pull/2103#discussion_r3439472774
llxprt-code,2103,8cfe0b0c3ffbffe7c982af41048be624d7c8368a,2026-06-19T00:06:33Z,2026-06-19T00:06:35Z,19,root_inline_group,https://github.com/vybestack/llxprt-code/pull/2103#discussion_r3439568790
llxprt-code,2104,87b44dde6b19889cf9392f79d2f5ded4835ad289,2026-06-19T01:19:43Z,2026-06-19T01:19:44Z,8,root_inline_group,https://github.com/vybestack/llxprt-code/pull/2104#discussion_r3439766472
llxprt-code,2104,4c870639c9b9eccab0ef46165d7e06b05decacff,2026-06-19T01:41:46Z,2026-06-19T01:41:46Z,4,root_inline_group,https://github.com/vybestack/llxprt-code/pull/2104#discussion_r3439825296
llxprt-code,2105,a5792b6032d55b43230aa94d92e95c098398fab0,2026-06-19T03:27:59Z,2026-06-19T03:28:01Z,18,root_inline_group,https://github.com/vybestack/llxprt-code/pull/2105#discussion_r3440102503
llxprt-code,2106,c15a520be32538ef59e3c220cfeaba3411142982,2026-06-19T04:50:37Z,2026-06-19T04:50:38Z,15,root_inline_group,https://github.com/vybestack/llxprt-code/pull/2106#discussion_r3440316766
llxprt-code,2107,e3769df152799097e95fdfee9ada49f1bdd9c900,2026-06-19T07:17:58Z,2026-06-19T07:17:59Z,11,root_inline_group,https://github.com/vybestack/llxprt-code/pull/2107#discussion_r3440889944
llxprt-code,2108,fbd20c170ca9ad59e1af2400d7d84745b2b8f260,2026-06-19T13:44:56Z,2026-06-19T13:44:57Z,12,root_inline_group,https://github.com/vybestack/llxprt-code/pull/2108#discussion_r3442855280
llxprt-code,2111,1473b7465cbba38f989e7f114b43b8ab19067160,2026-06-22T17:40:05Z,2026-06-22T17:40:05Z,10,root_inline_group,https://github.com/vybestack/llxprt-code/pull/2111#discussion_r3454259802
llxprt-jefe,79,5ae15f238644134899eb63dcc24f2e7b033b9839,2026-06-22T18:07:12Z,2026-06-22T18:07:12Z,2,root_inline_group,https://github.com/vybestack/llxprt-jefe/pull/79#discussion_r3454420774
llxprt-jefe,79,f49d456e80a5424102dc3fa6859b24436e52e49c,2026-06-22T18:18:31Z,2026-06-22T18:18:31Z,2,root_inline_group,https://github.com/vybestack/llxprt-jefe/pull/79#discussion_r3454497518
llxprt-code,2112,6161f5f092969dae4f6a468c403e21d8c8a180bd,2026-06-22T19:10:27Z,2026-06-22T19:10:27Z,2,root_inline_group,https://github.com/vybestack/llxprt-code/pull/2112#discussion_r3454820055
llxprt-code,2112,d9c13d6b08941901baa78cb7dbd5e2eb8d4f1074,2026-06-22T19:22:07Z,2026-06-22T19:22:07Z,1,root_inline_group,https://github.com/vybestack/llxprt-code/pull/2112#discussion_r3454877108
llxprt-jefe,81,4dfd905d90e5819e77c7cca3c26bd77d87fd2620,2026-06-22T22:11:33Z,2026-06-22T22:11:33Z,4,root_inline_group,https://github.com/vybestack/llxprt-jefe/pull/81#discussion_r3455745113
llxprt-code,2125,0133421e5bfc50e254f18ff5117c6b652481ccb0,2026-06-22T23:02:15Z,2026-06-22T23:02:15Z,1,root_inline_group,https://github.com/vybestack/llxprt-code/pull/2125#discussion_r3455982837
llxprt-code,2125,ebe20c693c47720ff2c6d7f3738f0097d2f37935,2026-06-23T00:26:08Z,2026-06-23T00:26:08Z,1,root_inline_group,https://github.com/vybestack/llxprt-code/pull/2125#discussion_r3456257827
llxprt-code,2129,f006f0ddfeee154077a90b5852cc7fc151052839,2026-06-23T00:26:18Z,2026-06-23T00:26:18Z,7,root_inline_group,https://github.com/vybestack/llxprt-code/pull/2129#discussion_r3456258244
llxprt-jefe,82,94cbbf3e30933b1d30e5fe924dce7cd8710bc8d9,2026-06-23T01:19:59Z,2026-06-23T01:20:00Z,3,root_inline_group,https://github.com/vybestack/llxprt-jefe/pull/82#discussion_r3456410961
llxprt-jefe,82,1d9548da5e983257e2f1234bae8123be53bed1fd,2026-06-23T01:30:59Z,2026-06-23T01:30:59Z,1,root_inline_group,https://github.com/vybestack/llxprt-jefe/pull/82#discussion_r3456439641
llxprt-jefe,83,2ba65fa3a8dfce3746442963d0efeb9a06621cad,2026-06-23T02:52:07Z,2026-06-23T02:52:07Z,1,root_inline_group,https://github.com/vybestack/llxprt-jefe/pull/83#discussion_r3456710463
llxprt-jefe,83,d1ba0f224e88fd2ae3e22ee84af67dfb1a633206,2026-06-23T03:09:48Z,2026-06-23T03:09:48Z,1,root_inline_group,https://github.com/vybestack/llxprt-jefe/pull/83#discussion_r3456765307
llxprt-jefe,83,985b5f00c7b13786713ae6743f7bcffe6b5a6675,2026-06-23T03:21:16Z,2026-06-23T03:21:16Z,2,root_inline_group,https://github.com/vybestack/llxprt-jefe/pull/83#discussion_r3456798792
llxprt-jefe,83,e0fc78b05e35041cdf285ee771f00d5e774d20fb,2026-06-23T03:33:20Z,2026-06-23T03:33:20Z,1,root_inline_group,https://github.com/vybestack/llxprt-jefe/pull/83#discussion_r3456834110
llxprt-code,2126,f314d2e8bdc4926c703a6bb3471162c90cfb83c7,2026-06-23T08:44:44Z,2026-06-23T08:44:45Z,10,root_inline_group,https://github.com/vybestack/llxprt-code/pull/2126#discussion_r3458276371
llxprt-code,2126,d0a210fa0663923e4563771b55fca722ddf9f8cc,2026-06-23T10:02:14Z,2026-06-23T10:02:14Z,2,root_inline_group,https://github.com/vybestack/llxprt-code/pull/2126#discussion_r3458772270
llxprt-code,2126,97a71324535061372d844bd817d65117b2ab65da,2026-06-23T17:34:19Z,2026-06-23T17:34:19Z,2,root_inline_group,https://github.com/vybestack/llxprt-code/pull/2126#discussion_r3461708809
llxprt-code,2134,158f9e4003bd29195b3f312a2920c53f67c72708,2026-06-23T18:16:43Z,2026-06-23T18:16:43Z,2,root_inline_group,https://github.com/vybestack/llxprt-code/pull/2134#discussion_r3461956281
llxprt-code,2126,24bc9d021b860f0542ab0dc0edaa475ca7652444,2026-06-23T19:31:59Z,2026-06-23T19:31:59Z,2,root_inline_group,https://github.com/vybestack/llxprt-code/pull/2126#discussion_r3462410859
llxprt-code,2138,6a1ee54f2c986a1b3b9ff272da1d7c0115dd4a4e,2026-06-23T20:01:16Z,2026-06-23T20:01:16Z,2,root_inline_group,https://github.com/vybestack/llxprt-code/pull/2138#discussion_r3462581225
llxprt-code,2140,8df8b3f5f62eca372285a4b46e5840d111f22df6,2026-06-23T21:03:07Z,2026-06-23T21:03:08Z,12,root_inline_group,https://github.com/vybestack/llxprt-code/pull/2140#discussion_r3462917019
llxprt-code,2141,0f376a054c1a4da403a3ac7349e84cfd3bc7ed51,2026-06-23T21:03:49Z,2026-06-23T21:03:49Z,1,root_inline_group,https://github.com/vybestack/llxprt-code/pull/2141#discussion_r3462920556
llxprt-code,2108,b3e4de70e490b3e6611f760ff432acd0b14945f3,2026-06-23T21:07:12Z,2026-06-23T21:07:13Z,8,root_inline_group,https://github.com/vybestack/llxprt-code/pull/2108#discussion_r3462937223
llxprt-code,2138,6cae060ad78512fd17152c5c2f79256c07d236db,2026-06-23T21:11:07Z,2026-06-23T21:11:07Z,1,root_inline_group,https://github.com/vybestack/llxprt-code/pull/2138#discussion_r3462959610
llxprt-code,2140,d819e5c6e18c3de862b20466b474a63352d1d45a,2026-06-23T21:18:16Z,2026-06-23T21:18:17Z,3,root_inline_group,https://github.com/vybestack/llxprt-code/pull/2140#discussion_r3462996756
llxprt-code,2108,3b1a6a21e5a32dade4054f6cfd422fc63fb87903,2026-06-23T21:24:13Z,2026-06-23T21:24:14Z,3,root_inline_group,https://github.com/vybestack/llxprt-code/pull/2108#discussion_r3463024116
llxprt-code,2140,d083106d1bcc4bd485b978e8d2efe1cd9642202e,2026-06-23T21:54:40Z,2026-06-23T21:54:41Z,8,root_inline_group,https://github.com/vybestack/llxprt-code/pull/2140#discussion_r3463174915
llxprt-code,2140,d2385e76031e0349eb4f3ca44a5ecf2d8ede42ba,2026-06-23T22:10:33Z,2026-06-23T22:10:33Z,4,root_inline_group,https://github.com/vybestack/llxprt-code/pull/2140#discussion_r3463247765
llxprt-code,2140,ec517063b9e5607874254a1895f8b781e792c0f5,2026-06-23T22:30:30Z,2026-06-23T22:30:30Z,4,root_inline_group,https://github.com/vybestack/llxprt-code/pull/2140#discussion_r3463335385
llxprt-code,2140,0a22d3d040bb5e03aa328d7cee368d8a6e92c7d4,2026-06-23T22:50:17Z,2026-06-23T22:50:17Z,6,root_inline_group,https://github.com/vybestack/llxprt-code/pull/2140#discussion_r3463409610
llxprt-code,2140,803ed26d9a2e03d7ef2f2459933bc9a2d9e95a93,2026-06-23T23:07:40Z,2026-06-23T23:07:41Z,3,root_inline_group,https://github.com/vybestack/llxprt-code/pull/2140#discussion_r3463480033
llxprt-code,2142,34e2d292b2b1919e232fd14e0395d6f2e9bb61c1,2026-06-23T23:11:02Z,2026-06-23T23:11:02Z,1,root_inline_group,https://github.com/vybestack/llxprt-code/pull/2142#discussion_r3463495449
llxprt-code,2140,349aff059d585583444b0c3582d245f4f79b16cb,2026-06-23T23:31:13Z,2026-06-23T23:31:13Z,3,root_inline_group,https://github.com/vybestack/llxprt-code/pull/2140#discussion_r3463567341
llxprt-jefe,85,,2026-06-23T23:49:35Z,2026-06-23T23:49:35Z,0,explicit_review_finished,https://github.com/vybestack/llxprt-jefe/pull/85#issuecomment-4784555451
llxprt-code,2140,16363d9970869cb2b0e645c941dcff1d8a225a6f,2026-06-24T00:11:13Z,2026-06-24T00:11:14Z,5,root_inline_group,https://github.com/vybestack/llxprt-code/pull/2140#discussion_r3463713742
llxprt-code,2140,067d3b8a0faa3e4ebe879055c46c3d17f6d03855,2026-06-24T00:43:09Z,2026-06-24T00:43:09Z,2,root_inline_group,https://github.com/vybestack/llxprt-code/pull/2140#discussion_r3463811920
llxprt-code,2140,ae8c3ee76a087c07fd3bc916eb177c81b0207bd9,2026-06-24T01:15:49Z,2026-06-24T01:15:49Z,4,root_inline_group,https://github.com/vybestack/llxprt-code/pull/2140#discussion_r3463936947
llxprt-code,2144,70af3cc91aec084d009d10d800e0a442332902bb,2026-06-24T01:32:43Z,2026-06-24T01:32:44Z,6,root_inline_group,https://github.com/vybestack/llxprt-code/pull/2144#discussion_r3464008360
llxprt-code,2140,96dd7e3633136dac91d4bb0e496edf176d29f538,2026-06-24T01:57:51Z,2026-06-24T01:57:51Z,2,root_inline_group,https://github.com/vybestack/llxprt-code/pull/2140#discussion_r3464083449
llxprt-code,2140,881b99e70e8d3bd7d4426f782b1f6c955d572f7e,2026-06-24T02:27:23Z,2026-06-24T02:27:23Z,2,root_inline_group,https://github.com/vybestack/llxprt-code/pull/2140#discussion_r3464162316
llxprt-code,2146,a8bf2925d62d4e0b46fcd10b8d8643f856721101,2026-06-24T04:58:02Z,2026-06-24T04:58:04Z,35,root_inline_group,https://github.com/vybestack/llxprt-code/pull/2146#discussion_r3464644291
llxprt-jefe,88,61d2b1838ff4ca9c9d5d46c93bf1419b3b745995,2026-06-24T05:26:09Z,2026-06-24T05:26:09Z,3,root_inline_group,https://github.com/vybestack/llxprt-jefe/pull/88#discussion_r3464743849
llxprt-code,2148,d593b466a703ec0201cb3cd6dda66d9c414f2ee0,2026-06-24T05:43:40Z,2026-06-24T05:43:40Z,1,root_inline_group,https://github.com/vybestack/llxprt-code/pull/2148#discussion_r3464815746
llxprt-code,2145,,2026-06-24T05:54:32Z,2026-06-24T05:54:32Z,0,explicit_review_finished,https://github.com/vybestack/llxprt-code/pull/2145#issuecomment-4786309231
llxprt-code,2149,c664010fe406778f141531a830cc061e5fed814f,2026-06-24T06:07:59Z,2026-06-24T06:08:00Z,4,root_inline_group,https://github.com/vybestack/llxprt-code/pull/2149#discussion_r3464903876
llxprt-code,2145,59c4f9fbf411207a53d41f6db195e7ebd6b05975,2026-06-24T06:38:56Z,2026-06-24T06:38:56Z,1,root_inline_group,https://github.com/vybestack/llxprt-code/pull/2145#discussion_r3465043735
llxprt-jefe,89,045fcd467452dff07fc8179584b85f35001c8ae3,2026-06-24T06:45:59Z,2026-06-24T06:45:59Z,1,root_inline_group,https://github.com/vybestack/llxprt-jefe/pull/89#discussion_r3465077105
llxprt-luther,66,b9be03468b9efe70bc1a21f3d444686f1b3a4921,2026-06-24T07:23:15Z,2026-06-24T07:23:15Z,2,root_inline_group,https://github.com/vybestack/llxprt-luther/pull/66#discussion_r3465267264
llxprt-code,2151,2f461352eac8fe992bc4381a7d0d63ff91e018ee,2026-06-24T08:00:46Z,2026-06-24T08:00:46Z,1,root_inline_group,https://github.com/vybestack/llxprt-code/pull/2151#discussion_r3465488241
llxprt-code,2146,d8a700e270cbb658a57c67d49b89e84099c8076a,2026-06-24T09:00:54Z,2026-06-24T09:00:56Z,23,root_inline_group,https://github.com/vybestack/llxprt-code/pull/2146#discussion_r3465839772
llxprt-luther,67,0828360b21e3478779593c864aded2ca87207e81,2026-06-24T17:51:31Z,2026-06-24T17:51:31Z,6,root_inline_group,https://github.com/vybestack/llxprt-luther/pull/67#discussion_r3469165090
llxprt-code,2154,,2026-06-24T18:14:18Z,2026-06-24T18:14:18Z,0,explicit_review_finished,https://github.com/vybestack/llxprt-code/pull/2154#issuecomment-4792330376
llxprt-code,2155,,2026-06-24T18:31:34Z,2026-06-24T18:31:34Z,0,explicit_review_finished,https://github.com/vybestack/llxprt-code/pull/2155#issuecomment-4792456567
llxprt-code,2156,cadb30815da603876a56dddd091e992b84d422c7,2026-06-24T18:40:29Z,2026-06-24T18:40:30Z,5,root_inline_group,https://github.com/vybestack/llxprt-code/pull/2156#discussion_r3469439961
llxprt-code,2158,865057afc80002e682c7cd5afafb82d1aa506932,2026-06-24T19:42:06Z,2026-06-24T19:42:06Z,1,root_inline_group,https://github.com/vybestack/llxprt-code/pull/2158#discussion_r3469793685
llxprt-code,2155,3a8468d3a9566e21f40895535805468ef2e9b328,2026-06-24T21:00:06Z,2026-06-24T21:00:06Z,1,root_inline_group,https://github.com/vybestack/llxprt-code/pull/2155#discussion_r3470274136
llxprt-code,2149,f2f6ea0af28bc649664e97fcf55778fc39c89916,2026-06-24T21:33:52Z,2026-06-24T21:33:53Z,4,root_inline_group,https://github.com/vybestack/llxprt-code/pull/2149#discussion_r3470456392
llxprt-code,2162,,2026-06-24T23:09:28Z,2026-06-24T23:09:28Z,0,explicit_review_finished,https://github.com/vybestack/llxprt-code/pull/2162#issuecomment-4794396155
llxprt-code,2163,344638e0a4fd801450c102be41e53e193fa499e3,2026-06-25T00:04:50Z,2026-06-25T00:04:50Z,4,root_inline_group,https://github.com/vybestack/llxprt-code/pull/2163#discussion_r3471044321
llxprt-code,2168,2a7862637861e731ba79a1b930a01d14e356926f,2026-06-25T15:36:56Z,2026-06-25T15:36:56Z,1,root_inline_group,https://github.com/vybestack/llxprt-code/pull/2168#discussion_r3475655434
llxprt-luther,69,df871fb258316e25aecdd45498f5d32aef9bc2e2,2026-06-25T15:49:40Z,2026-06-25T15:49:40Z,7,root_inline_group,https://github.com/vybestack/llxprt-luther/pull/69#discussion_r3475744011
llxprt-code,2168,69266bb21051a802df3bec35f0394c8a16146e97,2026-06-25T16:37:42Z,2026-06-25T16:37:42Z,1,root_inline_group,https://github.com/vybestack/llxprt-code/pull/2168#discussion_r3476045866
llxprt-code,2175,fc3a9fa4d2bb8868f898230c90d6289d5ed0591f,2026-06-25T17:40:42Z,2026-06-25T17:40:42Z,1,root_inline_group,https://github.com/vybestack/llxprt-code/pull/2175#discussion_r3476431677
llxprt-code,2176,f76a3fb429e83780f63413d6e61c04aec0b801c9,2026-06-25T17:53:55Z,2026-06-25T17:53:55Z,1,root_inline_group,https://github.com/vybestack/llxprt-code/pull/2176#discussion_r3476492531
llxprt-code,2178,5e708e40d51c9268e4f3bb2c8a9d791aa7386007,2026-06-25T18:51:46Z,2026-06-25T18:51:47Z,5,root_inline_group,https://github.com/vybestack/llxprt-code/pull/2178#discussion_r3476887696
llxprt-code,2177,,2026-06-25T19:05:19Z,2026-06-25T19:05:19Z,0,explicit_review_finished,https://github.com/vybestack/llxprt-code/pull/2177#issuecomment-4803269617
llxprt-code,2181,,2026-06-25T19:50:09Z,2026-06-25T19:50:09Z,0,explicit_review_finished,https://github.com/vybestack/llxprt-code/pull/2181#issuecomment-4803593309
llxprt-code,2179,,2026-06-25T20:02:48Z,2026-06-25T20:02:48Z,0,explicit_review_finished,https://github.com/vybestack/llxprt-code/pull/2179#issuecomment-4803681436
llxprt-code,2179,0455525e45ee4d5f5b1e0e40991709c3099cc736,2026-06-25T20:34:12Z,2026-06-25T20:34:13Z,5,root_inline_group,https://github.com/vybestack/llxprt-code/pull/2179#discussion_r3477474317
llxprt-code,2183,f067a77b76c355386f3600cec6171112260b127a,2026-06-25T21:21:22Z,2026-06-25T21:21:22Z,1,root_inline_group,https://github.com/vybestack/llxprt-code/pull/2183#discussion_r3477758059
llxprt-code,2179,,2026-06-25T22:21:17Z,2026-06-25T22:21:17Z,0,explicit_review_finished,https://github.com/vybestack/llxprt-code/pull/2179#issuecomment-4804663527
llxprt-code,2180,fef2acdacbe3c89be4cc1e3c1496f1d745965c28,2026-06-25T22:40:38Z,2026-06-25T22:40:38Z,2,root_inline_group,https://github.com/vybestack/llxprt-code/pull/2180#discussion_r3478101883
llxprt-code,2181,fd8f63183c3589706948f8abef320e22c6d96818,2026-06-25T23:01:04Z,2026-06-25T23:01:04Z,2,root_inline_group,https://github.com/vybestack/llxprt-code/pull/2181#discussion_r3478171909
llxprt-code,2186,,2026-06-25T23:24:43Z,2026-06-25T23:24:43Z,0,explicit_review_finished,https://github.com/vybestack/llxprt-code/pull/2186#issuecomment-4805020034
llxprt-code,2188,3abc2c22d49bcc64a437e6a5fd792943f915a270,2026-06-26T03:09:18Z,2026-06-26T03:09:18Z,4,root_inline_group,https://github.com/vybestack/llxprt-code/pull/2188#discussion_r3478908744
llxprt-code,2188,0dcd647995e5222c2d1e56c456352ceb4a08a304,2026-06-26T08:00:27Z,2026-06-26T08:00:27Z,2,root_inline_group,https://github.com/vybestack/llxprt-code/pull/2188#discussion_r3479980159
llxprt-code,2190,,2026-06-26T08:02:59Z,2026-06-26T08:02:59Z,0,explicit_review_finished,https://github.com/vybestack/llxprt-code/pull/2190#issuecomment-4807524287
llxprt-code,2180,6f62b61c3c9cde4a75bdd57dbbf915896dbec1f1,2026-06-26T08:04:52Z,2026-06-26T08:04:52Z,1,root_inline_group,https://github.com/vybestack/llxprt-code/pull/2180#discussion_r3480003290
llxprt-code,2192,63453ac0c02f00b214163d1b3160407e80f80665,2026-06-26T09:18:40Z,2026-06-26T09:18:40Z,5,root_inline_group,https://github.com/vybestack/llxprt-code/pull/2192#discussion_r3480387349
llxprt-code,2192,b251a032d3542c6bb069e2a5cb3287e904b77382,2026-06-26T10:34:44Z,2026-06-26T10:34:44Z,5,root_inline_group,https://github.com/vybestack/llxprt-code/pull/2192#discussion_r3480783203
llxprt-code,2192,f93ac9d11e3d85491bcbae638276a97683170de5,2026-06-26T12:00:23Z,2026-06-26T12:00:23Z,1,root_inline_group,https://github.com/vybestack/llxprt-code/pull/2192#discussion_r3481229725
llxprt-code,2192,ccf95187c49847611d3cd8cdc9513b820487c830,2026-06-26T15:46:50Z,2026-06-26T15:46:50Z,1,root_inline_group,https://github.com/vybestack/llxprt-code/pull/2192#discussion_r3482532903
llxprt-code,2188,937c045f18884cf63c3d20986178ac9586b5181c,2026-06-26T15:47:00Z,2026-06-26T15:47:00Z,1,root_inline_group,https://github.com/vybestack/llxprt-code/pull/2188#discussion_r3482533890
llxprt-code,2205,,2026-06-26T16:54:44Z,2026-06-26T16:54:44Z,0,explicit_review_finished,https://github.com/vybestack/llxprt-code/pull/2205#issuecomment-4811622247
llxprt-luther,71,b1f7d451d9bbd37b4ef7a01d8226a9f00ac35f29,2026-06-26T19:10:22Z,2026-06-26T19:10:22Z,2,root_inline_group,https://github.com/vybestack/llxprt-luther/pull/71#discussion_r3483572209
llxprt-code,2213,95b247e03631ed8e6748445d0f41d1fddb3d0b48,2026-06-26T19:57:27Z,2026-06-26T19:57:27Z,1,root_inline_group,https://github.com/vybestack/llxprt-code/pull/2213#discussion_r3483808057
llxprt-code,2214,2b0303cf73a45578b672935e2fccd89174d52e22,2026-06-26T20:24:34Z,2026-06-26T20:24:34Z,2,root_inline_group,https://github.com/vybestack/llxprt-code/pull/2214#discussion_r3483938607
llxprt-code,2216,ba020758cfc71b0ec0e5d1e71f4bdf05c0b20fe6,2026-06-26T22:31:36Z,2026-06-26T22:31:36Z,1,root_inline_group,https://github.com/vybestack/llxprt-code/pull/2216#discussion_r3484424775
llxprt-code,2217,03c75db70819ee77907955e870da0a2cc07fcf6d,2026-06-27T00:02:34Z,2026-06-27T00:02:34Z,2,root_inline_group,https://github.com/vybestack/llxprt-code/pull/2217#discussion_r3484669649
llxprt-jefe,90,a071c1315718e6bc5dda3debf302931352c2acc1,2026-06-27T01:13:58Z,2026-06-27T01:13:58Z,3,root_inline_group,https://github.com/vybestack/llxprt-jefe/pull/90#discussion_r3484840419
llxprt-code,2219,d5a10da5f9ccb425a7b65caab9435972a8fb6b4a,2026-06-27T02:23:05Z,2026-06-27T02:23:06Z,5,root_inline_group,https://github.com/vybestack/llxprt-code/pull/2219#discussion_r3484996425
llxprt-code,2219,97e92d8b7ccd8d28bcabaf5d03be37e231907599,2026-06-27T03:24:25Z,2026-06-27T03:24:25Z,1,root_inline_group,https://github.com/vybestack/llxprt-code/pull/2219#discussion_r3485119523
llxprt-code,2219,731fd56359ce4ce2b84d5c7079fdf0b1709e9297,2026-06-27T04:32:46Z,2026-06-27T04:32:46Z,3,root_inline_group,https://github.com/vybestack/llxprt-code/pull/2219#discussion_r3485234575
llxprt-code,2221,826b31dbc47b17b4d5b2d4bd1041aa59b7c11bcb,2026-06-27T08:17:20Z,2026-06-27T08:17:20Z,2,root_inline_group,https://github.com/vybestack/llxprt-code/pull/2221#discussion_r3485657840
llxprt-code,2223,,2026-06-27T09:12:12Z,2026-06-27T09:12:12Z,0,explicit_review_finished,https://github.com/vybestack/llxprt-code/pull/2223#issuecomment-4816312687
llxprt-code,2222,b5bd307067ae7d145fd101f563b66a96d2f2aaa7,2026-06-27T17:10:00Z,2026-06-27T17:10:00Z,3,root_inline_group,https://github.com/vybestack/llxprt-code/pull/2222#discussion_r3486443640
llxprt-code,2219,ec8c3e9d8a2c58ed74e346762e972b9c14f706af,2026-06-27T19:44:51Z,2026-06-27T19:44:51Z,3,root_inline_group,https://github.com/vybestack/llxprt-code/pull/2219#discussion_r3486663914
llxprt-code,2228,71808e4c0ca2e937bc724646e35ab2d5082ff0f5,2026-06-27T21:04:31Z,2026-06-27T21:04:31Z,6,root_inline_group,https://github.com/vybestack/llxprt-code/pull/2228#discussion_r3486775232
llxprt-luther,76,c15d449e4c2cde0c65a53504a7887b208c937205,2026-06-28T00:26:11Z,2026-06-28T00:26:12Z,9,root_inline_group,https://github.com/vybestack/llxprt-luther/pull/76#discussion_r3487056858
llxprt-luther,76,1d55c2587e985ca5bb9a1948fee9e6cc6befe5f1,2026-06-28T03:21:36Z,2026-06-28T03:21:36Z,3,root_inline_group,https://github.com/vybestack/llxprt-luther/pull/76#discussion_r3487285010
llxprt-luther,76,5323871cb803a5819d1bd11e86bbfa842e891d68,2026-06-28T05:39:12Z,2026-06-28T05:39:12Z,5,root_inline_group,https://github.com/vybestack/llxprt-luther/pull/76#discussion_r3487415435
llxprt-code,2228,a5774eab853ceb6549be71439c15575be7cd9325,2026-06-28T08:08:52Z,2026-06-28T08:08:52Z,2,root_inline_group,https://github.com/vybestack/llxprt-code/pull/2228#discussion_r3487566498
llxprt-code,2230,9d92b7e65b59f5ec744046744e42af24835e4239,2026-06-28T19:22:21Z,2026-06-28T19:22:21Z,4,root_inline_group,https://github.com/vybestack/llxprt-code/pull/2230#discussion_r3488409924
llxprt-code,2230,450d562068054670c7f490a76e47e33d18267a95,2026-06-28T20:34:13Z,2026-06-28T20:34:13Z,1,root_inline_group,https://github.com/vybestack/llxprt-code/pull/2230#discussion_r3488495389
llxprt-code,2228,f016052332918243ab89fe246e87e504a8f79b9d,2026-06-29T05:27:43Z,2026-06-29T05:27:43Z,1,root_inline_group,https://github.com/vybestack/llxprt-code/pull/2228#discussion_r3489483353
llxprt-code,2223,5fcdbb41e94fb25dfb18d3716a4feb6d9e19395b,2026-06-29T14:12:38Z,2026-06-29T14:12:38Z,1,root_inline_group,https://github.com/vybestack/llxprt-code/pull/2223#discussion_r3492331953
llxprt-code,2247,7cc99c52eb33016dd54b525fdf430a1b30d5001c,2026-06-29T16:24:16Z,2026-06-29T16:24:16Z,2,root_inline_group,https://github.com/vybestack/llxprt-code/pull/2247#discussion_r3493198097
llxprt-code,2257,fbdf16b150f3d21871d4e02b5382e3ff6e3f8497,2026-06-29T17:27:47Z,2026-06-29T17:27:47Z,2,root_inline_group,https://github.com/vybestack/llxprt-code/pull/2257#discussion_r3493559398
llxprt-code,2260,0aaa972d18dee721b4d76d2ce7ba108cfe5c4429,2026-06-29T18:37:30Z,2026-06-29T18:37:30Z,3,root_inline_group,https://github.com/vybestack/llxprt-code/pull/2260#discussion_r3493922807
llxprt-code,2262,,2026-06-29T19:36:04Z,2026-06-29T19:36:04Z,0,explicit_review_finished,https://github.com/vybestack/llxprt-code/pull/2262#issuecomment-4836301612
llxprt-code,2265,d6505b934d24a4c1e21e534da0c0fb113810bbf1,2026-06-29T21:00:10Z,2026-06-29T21:00:10Z,2,root_inline_group,https://github.com/vybestack/llxprt-code/pull/2265#discussion_r3494677319
llxprt-code,2262,1bbf90ac585abf984e2f1355f79ee39e97125698,2026-06-29T21:55:54Z,2026-06-29T21:55:54Z,1,root_inline_group,https://github.com/vybestack/llxprt-code/pull/2262#discussion_r3494926011
llxprt-code,2266,,2026-06-29T22:01:35Z,2026-06-29T22:01:35Z,0,explicit_review_finished,https://github.com/vybestack/llxprt-code/pull/2266#issuecomment-4837579363
llxprt-code,2268,49f734767ad85023695175ba08038cc6ea5e9fb1,2026-06-29T22:02:31Z,2026-06-29T22:02:31Z,2,root_inline_group,https://github.com/vybestack/llxprt-code/pull/2268#discussion_r3494956276
llxprt-code,2268,b02eb83bd31118a0685fa5dacfc3d7ac20917e98,2026-06-29T23:09:04Z,2026-06-29T23:09:04Z,1,root_inline_group,https://github.com/vybestack/llxprt-code/pull/2268#discussion_r3495202268
llxprt-code,2269,,2026-06-29T23:47:52Z,2026-06-29T23:47:52Z,0,explicit_review_finished,https://github.com/vybestack/llxprt-code/pull/2269#issuecomment-4838569947
llxprt-jefe,103,8881c42b053bae1c694f90e59a123ca6e8a72e33,2026-06-30T02:32:24Z,2026-06-30T02:32:24Z,6,root_inline_group,https://github.com/vybestack/llxprt-jefe/pull/103#discussion_r3495810464
llxprt-code,2260,b0c707fc284939cef8e8fe4ca94b24e044d21e4a,2026-06-30T03:18:41Z,2026-06-30T03:18:41Z,5,root_inline_group,https://github.com/vybestack/llxprt-code/pull/2260#discussion_r3495940926
llxprt-code,2276,4e754ef36826f2e793dfe52e1bf8dbe5375ec3fd,2026-06-30T03:31:14Z,2026-06-30T03:31:14Z,1,root_inline_group,https://github.com/vybestack/llxprt-code/pull/2276#discussion_r3495975574
llxprt-code,2260,2d80c8451a47df504af6b6ec1c6e1c83e39880f3,2026-06-30T04:46:49Z,2026-06-30T04:46:49Z,1,root_inline_group,https://github.com/vybestack/llxprt-code/pull/2260#discussion_r3496224868
llxprt-code,2277,cf877856f055ebec883cebb46651aa00c410e54e,2026-06-30T04:57:19Z,2026-06-30T04:57:19Z,6,root_inline_group,https://github.com/vybestack/llxprt-code/pull/2277#discussion_r3496258438
llxprt-code,2260,766baf4ec2081377a52b0ac98e425961535a0672,2026-06-30T06:04:25Z,2026-06-30T06:04:25Z,1,root_inline_group,https://github.com/vybestack/llxprt-code/pull/2260#discussion_r3496513262
llxprt-code,2281,4bd0513158c76b8d638cef6a68805ee41c26ed29,2026-06-30T06:35:37Z,2026-06-30T06:35:37Z,2,root_inline_group,https://github.com/vybestack/llxprt-code/pull/2281#discussion_r3496643126
llxprt-luther,88,f76a0f68f4cc6a06add7ed1a88e1c3ea3da9f850,2026-06-30T09:01:10Z,2026-06-30T09:01:10Z,2,root_inline_group,https://github.com/vybestack/llxprt-luther/pull/88#discussion_r3497476679
llxprt-code,2284,f7715cade9da03f79cd36b38cd9de3b62da3d514,2026-06-30T10:22:52Z,2026-06-30T10:22:53Z,15,root_inline_group,https://github.com/vybestack/llxprt-code/pull/2284#discussion_r3497982874
llxprt-code,2284,5d37a299b00242e476c5ffcb0ecd69d59f63ff06,2026-06-30T14:39:56Z,2026-06-30T14:39:56Z,2,root_inline_group,https://github.com/vybestack/llxprt-code/pull/2284#discussion_r3499591532
llxprt-luther,90,ec39d66e9429e550c3d4398d04a8676accf7a885,2026-06-30T17:36:46Z,2026-06-30T17:36:47Z,12,root_inline_group,https://github.com/vybestack/llxprt-luther/pull/90#discussion_r3500722332
llxprt-code,2290,bb4360a6ec326174706c06d8731e3b22527fe079,2026-06-30T19:28:06Z,2026-06-30T19:28:07Z,2,root_inline_group,https://github.com/vybestack/llxprt-code/pull/2290#discussion_r3501330167
llxprt-code,2257,2e31bc4fe0c7946e1e55ffe986ada6450e76cf01,2026-06-30T20:18:29Z,2026-06-30T20:18:29Z,1,root_inline_group,https://github.com/vybestack/llxprt-code/pull/2257#discussion_r3501598027
llxprt-code,2284,ad83866e7a3ff24ee21f93e4460248cb108757c0,2026-06-30T21:23:16Z,2026-06-30T21:23:17Z,8,root_inline_group,https://github.com/vybestack/llxprt-code/pull/2284#discussion_r3501914085
llxprt-code,2284,,2026-07-01T00:20:55Z,2026-07-01T00:20:55Z,0,explicit_review_finished,https://github.com/vybestack/llxprt-code/pull/2284#issuecomment-4849066359
llxprt-code,2298,,2026-07-01T00:50:45Z,2026-07-01T00:50:45Z,0,explicit_review_finished,https://github.com/vybestack/llxprt-code/pull/2298#issuecomment-4849226181
llxprt-code,2290,7940dfdb4b41421189e08580e146f88c80301fa3,2026-07-01T02:53:53Z,2026-07-01T02:53:53Z,2,root_inline_group,https://github.com/vybestack/llxprt-code/pull/2290#discussion_r3502976816
llxprt-code,2303,c2ef94e9885252c785b42b29721041a4c5caa8d9,2026-07-01T04:01:29Z,2026-07-01T04:01:29Z,1,root_inline_group,https://github.com/vybestack/llxprt-code/pull/2303#discussion_r3503197913
llxprt-code,2303,c063bab43c677b81b3b2ffa237fb1e734627c75b,2026-07-01T05:26:07Z,2026-07-01T05:26:07Z,6,root_inline_group,https://github.com/vybestack/llxprt-code/pull/2303#discussion_r3503470058
llxprt-code,2305,63c99b31a45c5ed7bdd8b541ab814318e031543e,2026-07-01T06:41:30Z,2026-07-01T06:41:30Z,3,root_inline_group,https://github.com/vybestack/llxprt-code/pull/2305#discussion_r3503782442
llxprt-code,2307,5d723e9e6deb1dcb34fc629f93727594088fbc20,2026-07-01T06:46:05Z,2026-07-01T06:46:06Z,6,root_inline_group,https://github.com/vybestack/llxprt-code/pull/2307#discussion_r3503807721
llxprt-code,2303,04ef96b20b0454da5c5885e2b71a289fad6b6161,2026-07-01T07:40:33Z,2026-07-01T07:40:34Z,3,root_inline_group,https://github.com/vybestack/llxprt-code/pull/2303#discussion_r3504077907
llxprt-luther,92,072df32ff35f59ca0cf5606b5e874ddb51a89abf,2026-07-01T07:55:56Z,2026-07-01T07:55:57Z,11,root_inline_group,https://github.com/vybestack/llxprt-luther/pull/92#discussion_r3504179166
llxprt-code,2310,a1ea083b359a75d7a4155b6b43a8736df16a729c,2026-07-01T08:45:38Z,2026-07-01T08:45:38Z,2,root_inline_group,https://github.com/vybestack/llxprt-code/pull/2310#discussion_r3504472550
llxprt-luther,92,e1bffabeb4af2dc955119bdec71fce8e440a8fa2,2026-07-01T09:19:14Z,2026-07-01T09:19:14Z,1,root_inline_group,https://github.com/vybestack/llxprt-luther/pull/92#discussion_r3504687899
llxprt-luther,92,dc8001a683cbbacc0bdebc424eb68900113cbbd2,2026-07-01T10:07:06Z,2026-07-01T10:07:06Z,2,root_inline_group,https://github.com/vybestack/llxprt-luther/pull/92#discussion_r3504988678
llxprt-code,2305,93d70470d84c09f534d5d6053d938caff4ca9708,2026-07-01T15:52:07Z,2026-07-01T15:52:07Z,1,root_inline_group,https://github.com/vybestack/llxprt-code/pull/2305#discussion_r3507337865
llxprt-code,2311,4e875a1814f7ea3b0c8afca8a96ed4e0cb6fa5df,2026-07-01T16:48:53Z,2026-07-01T16:48:53Z,2,root_inline_group,https://github.com/vybestack/llxprt-code/pull/2311#discussion_r3507695443
llxprt-code,2313,0f152925f57c69c4c5cd3aa0d3b4c865ec54cfa7,2026-07-01T17:04:47Z,2026-07-01T17:04:47Z,5,root_inline_group,https://github.com/vybestack/llxprt-code/pull/2313#discussion_r3507779392
llxprt-luther,92,,2026-07-01T17:48:21Z,2026-07-01T17:48:21Z,0,explicit_review_finished,https://github.com/vybestack/llxprt-luther/pull/92#issuecomment-4858617193
llxprt-code,2315,16c4ed0983d599554fa923bc61dbc1b9621477b0,2026-07-01T17:50:08Z,2026-07-01T17:50:08Z,1,root_inline_group,https://github.com/vybestack/llxprt-code/pull/2315#discussion_r3508030579
llxprt-code,2317,03037cd6f22bb44dac058293cbf667544d852c71,2026-07-01T20:32:57Z,2026-07-01T20:32:58Z,3,root_inline_group,https://github.com/vybestack/llxprt-code/pull/2317#discussion_r3508877619
llxprt-luther,93,fb422b0a043804282153dd91546922bb7cf3cc63,2026-07-01T21:24:27Z,2026-07-01T21:24:27Z,6,root_inline_group,https://github.com/vybestack/llxprt-luther/pull/93#discussion_r3509119038
llxprt-luther,93,aac14a945f01abc478d448cfaec441e6645360ef,2026-07-01T21:28:30Z,2026-07-01T21:28:30Z,1,root_inline_group,https://github.com/vybestack/llxprt-luther/pull/93#discussion_r3509135952
llxprt-code,2318,abf36d29ffab2c30a5cc56b78fe1c15bb4a61dd8,2026-07-01T23:25:48Z,2026-07-01T23:25:48Z,2,root_inline_group,https://github.com/vybestack/llxprt-code/pull/2318#discussion_r3509580230
llxprt-jefe,115,,2026-07-02T00:23:04Z,2026-07-02T00:23:04Z,0,explicit_review_finished,https://github.com/vybestack/llxprt-jefe/pull/115#issuecomment-4861108288
llxprt-code,2315,152572879e8ae395b1b79121e074d0f3ae9fa9ea,2026-07-02T00:53:16Z,2026-07-02T00:53:16Z,3,root_inline_group,https://github.com/vybestack/llxprt-code/pull/2315#discussion_r3509825051
llxprt-luther,95,,2026-07-02T01:30:29Z,2026-07-02T01:30:29Z,0,explicit_review_finished,https://github.com/vybestack/llxprt-luther/pull/95#issuecomment-4861398960
llxprt-luther,95,87531b89f2c385f4bc366bc5f4d9f9d77ad678cf,2026-07-02T02:25:17Z,2026-07-02T02:25:17Z,1,root_inline_group,https://github.com/vybestack/llxprt-luther/pull/95#discussion_r3510066087
llxprt-luther,96,ab25da487f098f5e9387874345e40cf8c13618ae,2026-07-02T05:12:14Z,2026-07-02T05:12:15Z,7,root_inline_group,https://github.com/vybestack/llxprt-luther/pull/96#discussion_r3510618534
llxprt-luther,96,1c1fb1a977c54a298694672ea875c3c987f07211,2026-07-02T06:16:28Z,2026-07-02T06:16:28Z,2,root_inline_group,https://github.com/vybestack/llxprt-luther/pull/96#discussion_r3510870456
llxprt-code,2330,,2026-07-02T07:20:08Z,2026-07-02T07:20:08Z,0,explicit_review_finished,https://github.com/vybestack/llxprt-code/pull/2330#issuecomment-4863201081
llxprt-luther,97,98785fde1989b2ed7dc27e48a1f4f584bea97c23,2026-07-02T10:15:27Z,2026-07-02T10:15:28Z,8,root_inline_group,https://github.com/vybestack/llxprt-luther/pull/97#discussion_r3512241023
llxprt-code,2332,1d72d08a044561558bbe797ef7ffff8499309ac4,2026-07-02T13:03:07Z,2026-07-02T13:03:07Z,5,root_inline_group,https://github.com/vybestack/llxprt-code/pull/2332#discussion_r3513207444
llxprt-code,2305,e084bbbcdc683e67a22f5805e08ad4e2d9dbf0c8,2026-07-02T17:12:33Z,2026-07-02T17:12:34Z,6,root_inline_group,https://github.com/vybestack/llxprt-code/pull/2305#discussion_r3514898192
llxprt-code,2332,122b2219e9121d036c06c392f6fec92f3e2017bc,2026-07-02T19:40:59Z,2026-07-02T19:40:59Z,1,root_inline_group,https://github.com/vybestack/llxprt-code/pull/2332#discussion_r3515685898
llxprt-jefe,122,c1f4bdbbd5e084c4b0520e4b0b12a7a914c1c3be,2026-07-02T22:57:29Z,2026-07-02T22:57:29Z,2,root_inline_group,https://github.com/vybestack/llxprt-jefe/pull/122#discussion_r3516516752
llxprt-code,2334,b9da3256913d38bec7a3f271fdd5d0ba01541495,2026-07-02T23:01:43Z,2026-07-02T23:01:43Z,3,root_inline_group,https://github.com/vybestack/llxprt-code/pull/2334#discussion_r3516528925
llxprt-code,2337,29c2c93685c1247496e186ac5475cc8f6332b8cb,2026-07-03T00:50:47Z,2026-07-03T00:50:47Z,3,root_inline_group,https://github.com/vybestack/llxprt-code/pull/2337#discussion_r3516820228
llxprt-code,2336,610cf36d5f19c953d79582eee6792930f76458f9,2026-07-03T03:33:14Z,2026-07-03T03:33:15Z,20,root_inline_group,https://github.com/vybestack/llxprt-code/pull/2336#discussion_r3517317530
llxprt-code,2341,0ef9915c3c209fe7a47d0a14bac67bb5ce675c7b,2026-07-03T04:37:11Z,2026-07-03T04:37:11Z,2,root_inline_group,https://github.com/vybestack/llxprt-code/pull/2341#discussion_r3517493383
llxprt-luther,106,fc8e9dd20609c8792223ce50bd221beb4508fb7d,2026-07-03T06:49:53Z,2026-07-03T06:49:53Z,1,root_inline_group,https://github.com/vybestack/llxprt-luther/pull/106#discussion_r3518004980
llxprt-code,2354,,2026-07-03T08:37:29Z,2026-07-03T08:37:29Z,0,explicit_review_finished,https://github.com/vybestack/llxprt-code/pull/2354#issuecomment-4874371647
llxprt-code,2355,c452836902cfdc90780501342af8facc561759a0,2026-07-03T08:39:47Z,2026-07-03T08:39:48Z,2,root_inline_group,https://github.com/vybestack/llxprt-code/pull/2355#discussion_r3518595537
llxprt-code,2353,59be287288786d1f1e38ad9702f2d758df25a9fb,2026-07-03T16:13:59Z,2026-07-03T16:13:59Z,1,root_inline_group,https://github.com/vybestack/llxprt-code/pull/2353#discussion_r3520958758
llxprt-code,2354,bfbd612368719d58bafe60c0d2607c130f8ea23d,2026-07-03T16:15:07Z,2026-07-03T16:15:07Z,2,root_inline_group,https://github.com/vybestack/llxprt-code/pull/2354#discussion_r3520962882
llxprt-code,2365,e216e13e6106183e0f29f6e0a05f4193b311d4d6,2026-07-03T23:09:52Z,2026-07-03T23:09:53Z,2,root_inline_group,https://github.com/vybestack/llxprt-code/pull/2365#discussion_r3522139926
llxprt-code,2311,d9a546c0301d84d74be949609a866e8d4a5d5c7d,2026-07-04T18:23:47Z,2026-07-04T18:23:47Z,1,root_inline_group,https://github.com/vybestack/llxprt-code/pull/2311#discussion_r3523661553
llxprt-code,2367,,2026-07-04T19:04:52Z,2026-07-04T19:04:52Z,0,explicit_review_finished,https://github.com/vybestack/llxprt-code/pull/2367#issuecomment-4883500323
llxprt-jefe,125,cf3f6c8dd820f967bdeeced0cf2e79667bbd2a18,2026-07-05T00:55:05Z,2026-07-05T00:55:05Z,1,root_inline_group,https://github.com/vybestack/llxprt-jefe/pull/125#discussion_r3524081786
llxprt-jefe,125,32dbdec985f9ae32ef27637e8c0ea388ac2ca09e,2026-07-05T01:09:09Z,2026-07-05T01:09:09Z,1,root_inline_group,https://github.com/vybestack/llxprt-jefe/pull/125#discussion_r3524098393
llxprt-code,2380,31223c3584fc77db03f1819949ee176462b5b914,2026-07-05T02:29:04Z,2026-07-05T02:29:04Z,1,root_inline_group,https://github.com/vybestack/llxprt-code/pull/2380#discussion_r3524189133
llxprt-jefe,126,2a9e76e0051a09b443b5fc281f976c2dd453f429,2026-07-05T06:23:01Z,2026-07-05T06:23:01Z,1,root_inline_group,https://github.com/vybestack/llxprt-jefe/pull/126#discussion_r3524411717
llxprt-code,2381,625f9652c24cbb2c3198bc005c1db142c7c59f06,2026-07-05T06:39:14Z,2026-07-05T06:39:14Z,5,root_inline_group,https://github.com/vybestack/llxprt-code/pull/2381#discussion_r3524428181
llxprt-jefe,126,e4d9035f61077eafe75e0e2101d6f87f576f321a,2026-07-05T07:22:47Z,2026-07-05T07:22:47Z,1,root_inline_group,https://github.com/vybestack/llxprt-jefe/pull/126#discussion_r3524473080
llxprt-code,2382,76770d77951e5dbd54aca06505d91e72c57d0e4e,2026-07-05T08:40:52Z,2026-07-05T08:40:52Z,2,root_inline_group,https://github.com/vybestack/llxprt-code/pull/2382#discussion_r3524571341
llxprt-luther,110,af9922e648900e2b557c93fe80ae47fa59d9c98b,2026-07-05T16:36:12Z,2026-07-05T16:36:13Z,12,root_inline_group,https://github.com/vybestack/llxprt-luther/pull/110#discussion_r3525236614
llxprt-code,2383,a9ac9bbac428268b9683ac09aa0192c24b51a823,2026-07-05T19:59:37Z,2026-07-05T19:59:37Z,1,root_inline_group,https://github.com/vybestack/llxprt-code/pull/2383#discussion_r3525542541
llxprt-jefe,127,a93ab05cb73fa0338150c069afb9c4207ac4514e,2026-07-05T21:11:44Z,2026-07-05T21:11:45Z,11,root_inline_group,https://github.com/vybestack/llxprt-jefe/pull/127#discussion_r3525639245
llxprt-code,2384,942ec589b0de176fbfe62e08e1cbd7d91c7ce80a,2026-07-05T22:06:58Z,2026-07-05T22:06:59Z,2,root_inline_group,https://github.com/vybestack/llxprt-code/pull/2384#discussion_r3525707671
llxprt-code,2385,b8e483ad37c8f69e8b22c24272c4bbbb8ec55ed1,2026-07-05T22:11:43Z,2026-07-05T22:11:44Z,4,root_inline_group,https://github.com/vybestack/llxprt-code/pull/2385#discussion_r3525713129
llxprt-luther,110,a870e7f5154caccdfb44e88ce30047251776f54f,2026-07-05T23:58:48Z,2026-07-05T23:58:48Z,7,root_inline_group,https://github.com/vybestack/llxprt-luther/pull/110#discussion_r3525868923
llxprt-code,2388,359cb1c9250be95532612fb795a6fb3295023c4e,2026-07-06T02:21:50Z,2026-07-06T02:21:50Z,3,root_inline_group,https://github.com/vybestack/llxprt-code/pull/2388#discussion_r3526127502
llxprt-luther,112,b0bb329486e02591dbf70c3ebb8d71bd1dbe688f,2026-07-06T03:39:06Z,2026-07-06T03:39:06Z,2,root_inline_group,https://github.com/vybestack/llxprt-luther/pull/112#discussion_r3526294698
llxprt-luther,112,a814de2bc66fc7228481d6cdd75bb3d95248a09c,2026-07-06T03:44:08Z,2026-07-06T03:44:08Z,2,root_inline_group,https://github.com/vybestack/llxprt-luther/pull/112#discussion_r3526304965
llxprt-code,2390,c801b0cd7bdfe20f4db4fdbadbcd2ba9a9204fd6,2026-07-06T05:06:13Z,2026-07-06T05:06:13Z,3,root_inline_group,https://github.com/vybestack/llxprt-code/pull/2390#discussion_r3526530043
llxprt-code,2391,,2026-07-06T06:42:25Z,2026-07-06T06:42:25Z,0,explicit_review_finished,https://github.com/vybestack/llxprt-code/pull/2391#issuecomment-4889845053
llxprt-code,2391,7420aa6501c5b112a9adfc676bc08f39e42cef12,2026-07-06T07:07:19Z,2026-07-06T07:07:19Z,7,root_inline_group,https://github.com/vybestack/llxprt-code/pull/2391#discussion_r3526980738
llxprt-luther,112,3e01012781d006936eefa874a217a2b90d4bcf38,2026-07-06T08:52:22Z,2026-07-06T08:52:22Z,1,root_inline_group,https://github.com/vybestack/llxprt-luther/pull/112#discussion_r3527547656
llxprt-jefe,130,443a6c798b06047a72728e7b7b8f8a259d0588eb,2026-07-06T14:51:28Z,2026-07-06T14:51:28Z,2,root_inline_group,https://github.com/vybestack/llxprt-jefe/pull/130#discussion_r3529812135
llxprt-jefe,130,,2026-07-06T18:06:43Z,2026-07-06T18:06:43Z,0,explicit_review_finished,https://github.com/vybestack/llxprt-jefe/pull/130#issuecomment-4896093829
llxprt-jefe,131,9047a3592d85a3badc30b87264b78dda1a5db074,2026-07-06T19:02:56Z,2026-07-06T19:02:56Z,2,root_inline_group,https://github.com/vybestack/llxprt-jefe/pull/131#discussion_r3531405748
llxprt-code,2390,ac839f09a9c87607e095de4840790eadecbdd364,2026-07-06T19:52:27Z,2026-07-06T19:52:27Z,3,root_inline_group,https://github.com/vybestack/llxprt-code/pull/2390#discussion_r3531668832
llxprt-jefe,134,d353713480f4be0dd9a23f9cd39d3f8340d85245,2026-07-06T21:21:52Z,2026-07-06T21:21:52Z,1,root_inline_group,https://github.com/vybestack/llxprt-jefe/pull/134#discussion_r3532117860
llxprt-luther,112,b2d643b222690c4ae36961f08d28d0af65505e45,2026-07-06T21:53:37Z,2026-07-06T21:53:37Z,1,root_inline_group,https://github.com/vybestack/llxprt-luther/pull/112#discussion_r3532262056
llxprt-code,2404,,2026-07-06T23:37:32Z,2026-07-06T23:37:32Z,0,explicit_review_finished,https://github.com/vybestack/llxprt-code/pull/2404#issuecomment-4898594407
llxprt-jefe,132,57d1cc6eb63fdc1de2b32e5957e049bcb4cb28cb,2026-07-06T23:55:03Z,2026-07-06T23:55:03Z,10,root_inline_group,https://github.com/vybestack/llxprt-jefe/pull/132#discussion_r3532723730
llxprt-code,2405,,2026-07-07T00:03:55Z,2026-07-07T00:03:55Z,0,explicit_review_finished,https://github.com/vybestack/llxprt-code/pull/2405#issuecomment-4898736385
llxprt-code,2407,,2026-07-07T00:23:26Z,2026-07-07T00:23:26Z,0,explicit_review_finished,https://github.com/vybestack/llxprt-code/pull/2407#issuecomment-4898848145
llxprt-jefe,138,42364847b916412d8905abe9db3bb365319a8adb,2026-07-07T00:30:11Z,2026-07-07T00:30:11Z,6,root_inline_group,https://github.com/vybestack/llxprt-jefe/pull/138#discussion_r3532823110
llxprt-code,2409,1ae5f99a7500409b19fe19f5c2968e74361e4260,2026-07-07T01:44:12Z,2026-07-07T01:44:12Z,1,root_inline_group,https://github.com/vybestack/llxprt-code/pull/2409#discussion_r3533049123
llxprt-luther,114,42e76cc62456621b2b072c8c4eaf177c7a1f4100,2026-07-07T03:47:50Z,2026-07-07T03:47:50Z,2,root_inline_group,https://github.com/vybestack/llxprt-luther/pull/114#discussion_r3533454425
llxprt-code,2420,bb089e8f82c11e4d403a4772283f34b912bc95e4,2026-07-07T05:19:58Z,2026-07-07T05:19:58Z,2,root_inline_group,https://github.com/vybestack/llxprt-code/pull/2420#discussion_r3533808034
llxprt-code,2424,cda78886c56692ab021b480804c45a5662e09589,2026-07-07T07:04:54Z,2026-07-07T07:04:54Z,1,root_inline_group,https://github.com/vybestack/llxprt-code/pull/2424#discussion_r3534320152
llxprt-jefe,132,04aa7cb5bcc9085b31e3d0ae4d83634d47b0f1a2,2026-07-07T09:48:27Z,2026-07-07T09:48:27Z,5,root_inline_group,https://github.com/vybestack/llxprt-jefe/pull/132#discussion_r3535323229
llxprt-code,2430,,2026-07-07T14:17:34Z,2026-07-07T14:17:34Z,0,explicit_review_finished,https://github.com/vybestack/llxprt-code/pull/2430#issuecomment-4904801127
llxprt-code,2437,ab402052dff4c4fb488d4b70b823d303b4337627,2026-07-07T17:44:38Z,2026-07-07T17:44:38Z,1,root_inline_group,https://github.com/vybestack/llxprt-code/pull/2437#discussion_r3538535607
llxprt-code,2437,b28f40040da86a7cbec83a20847d9f5e09cd6035,2026-07-07T20:02:11Z,2026-07-07T20:02:11Z,1,root_inline_group,https://github.com/vybestack/llxprt-code/pull/2437#discussion_r3539308258
llxprt-jefe,147,e7e9ad857c55ac9cb03acef6c305ea126092317d,2026-07-08T00:42:46Z,2026-07-08T00:42:47Z,14,root_inline_group,https://github.com/vybestack/llxprt-jefe/pull/147#discussion_r3540513578
llxprt-jefe,147,,2026-07-08T01:04:52Z,2026-07-08T01:04:52Z,0,explicit_review_finished,https://github.com/vybestack/llxprt-jefe/pull/147#issuecomment-4910445845
llxprt-luther,116,09f9697429df7861b46d15cfff7324af499dbeca,2026-07-08T01:59:06Z,2026-07-08T01:59:06Z,1,root_inline_group,https://github.com/vybestack/llxprt-luther/pull/116#discussion_r3540743932
llxprt-jefe,147,119109a88fded261fb202b1c874a7a9df2c57003,2026-07-08T03:24:28Z,2026-07-08T03:24:28Z,3,root_inline_group,https://github.com/vybestack/llxprt-jefe/pull/147#discussion_r3541013548
llxprt-jefe,147,,2026-07-08T03:51:07Z,2026-07-08T03:51:07Z,0,explicit_review_finished,https://github.com/vybestack/llxprt-jefe/pull/147#issuecomment-4911207204
llxprt-code,2439,bb424c78ff4c4ec97fdf533e502ad574027d538a,2026-07-08T05:15:08Z,2026-07-08T05:15:08Z,1,root_inline_group,https://github.com/vybestack/llxprt-code/pull/2439#discussion_r3541377284
llxprt-jefe,149,1abbf2083eaac2dfc9ca9b7bef3f8e5ed250504a,2026-07-08T06:33:42Z,2026-07-08T06:33:42Z,1,root_inline_group,https://github.com/vybestack/llxprt-jefe/pull/149#discussion_r3541718706
llxprt-code,2440,331ec7a89c86045601cb93fb2a2e0501ad4c1f61,2026-07-08T07:58:54Z,2026-07-08T07:58:54Z,3,root_inline_group,https://github.com/vybestack/llxprt-code/pull/2440#discussion_r3542221678
llxprt-code,2441,,2026-07-08T09:21:53Z,2026-07-08T09:21:53Z,0,explicit_review_finished,https://github.com/vybestack/llxprt-code/pull/2441#issuecomment-4913313511
llxprt-jefe,154,,2026-07-08T16:33:12Z,2026-07-08T16:33:12Z,0,explicit_review_finished,https://github.com/vybestack/llxprt-jefe/pull/154#issuecomment-4917006601
llxprt-luther,120,0c9fc9d36f8e6f84a3ec0cfa2c8d71a2d14dd5cd,2026-07-08T16:58:51Z,2026-07-08T16:58:52Z,6,root_inline_group,https://github.com/vybestack/llxprt-luther/pull/120#discussion_r3545839923
llxprt-code,2446,,2026-07-08T19:01:07Z,2026-07-08T19:01:07Z,0,explicit_review_finished,https://github.com/vybestack/llxprt-code/pull/2446#issuecomment-4918270943
llxprt-jefe,157,,2026-07-08T19:45:59Z,2026-07-08T19:45:59Z,0,explicit_review_finished,https://github.com/vybestack/llxprt-jefe/pull/157#issuecomment-4918611826
llxprt-luther,120,852ac18800f447eaef9114677c417a7f0b799d1c,2026-07-08T22:16:24Z,2026-07-08T22:16:24Z,2,root_inline_group,https://github.com/vybestack/llxprt-luther/pull/120#discussion_r3547589372
llxprt-code,2440,ef23891780acb451f362dcbbf178306d3365cdde,2026-07-08T23:57:26Z,2026-07-08T23:57:27Z,11,root_inline_group,https://github.com/vybestack/llxprt-code/pull/2440#discussion_r3547957532
llxprt-code,2451,9e352b9121d2861541eb5f68179c8494bba5c266,2026-07-09T00:44:07Z,2026-07-09T00:44:07Z,1,root_inline_group,https://github.com/vybestack/llxprt-code/pull/2451#discussion_r3548106154
llxprt-code,2453,278b2869a32132d1aca9c47577679b3c5c6c1c4d,2026-07-09T01:51:56Z,2026-07-09T01:51:56Z,1,root_inline_group,https://github.com/vybestack/llxprt-code/pull/2453#discussion_r3548334357
llxprt-code,2457,83fb7a247acca3d5f68f484463609bc5a969381b,2026-07-09T02:57:14Z,2026-07-09T02:57:15Z,2,root_inline_group,https://github.com/vybestack/llxprt-code/pull/2457#discussion_r3548610139
llxprt-code,2458,,2026-07-09T03:52:08Z,2026-07-09T03:52:08Z,0,explicit_review_finished,https://github.com/vybestack/llxprt-code/pull/2458#issuecomment-4921404750
llxprt-code,2453,,2026-07-09T04:23:19Z,2026-07-09T04:23:19Z,0,explicit_review_finished,https://github.com/vybestack/llxprt-code/pull/2453#issuecomment-4921549026
llxprt-code,2458,,2026-07-09T05:00:04Z,2026-07-09T05:00:04Z,0,explicit_review_finished,https://github.com/vybestack/llxprt-code/pull/2458#issuecomment-4921715815
llxprt-code,2467,06e3b75eacfa5cd410039984f6b86f1cf0e3ed75,2026-07-09T13:51:42Z,2026-07-09T13:51:42Z,2,root_inline_group,https://github.com/vybestack/llxprt-code/pull/2467#discussion_r3552116308
llxprt-code,2462,66b27be6d45d96fdc18e972cbbba64748c90e22a,2026-07-09T14:50:38Z,2026-07-09T14:50:38Z,1,root_inline_group,https://github.com/vybestack/llxprt-code/pull/2462#discussion_r3552555636
llxprt-jefe,172,cdd7fdf986d7a4b052314d79d2a2e5bdc265f14e,2026-07-09T16:48:09Z,2026-07-09T16:48:09Z,1,root_inline_group,https://github.com/vybestack/llxprt-jefe/pull/172#discussion_r3553333344
llxprt-code,2470,2aeae3ac5160b352b02b45635b67d85af4723285,2026-07-09T19:22:29Z,2026-07-09T19:22:29Z,2,root_inline_group,https://github.com/vybestack/llxprt-code/pull/2470#discussion_r3554239816
llxprt-code,2480,a5827f74811b3148d91e23a7823d3babf5255b25,2026-07-10T03:48:39Z,2026-07-10T03:48:39Z,3,root_inline_group,https://github.com/vybestack/llxprt-code/pull/2480#discussion_r3556247969
llxprt-code,2484,705773c7d836545789283ec8d96225c67197034e,2026-07-10T14:32:07Z,2026-07-10T14:32:07Z,1,root_inline_group,https://github.com/vybestack/llxprt-code/pull/2484#discussion_r3559688891
llxprt-luther,126,5eb227c40b71891769f07f675c81babe174b627b,2026-07-10T17:12:06Z,2026-07-10T17:12:07Z,12,root_inline_group,https://github.com/vybestack/llxprt-luther/pull/126#discussion_r3560697258
llxprt-code,2484,573402ce80ac3160618a71f3f29a9eac7ee08a90,2026-07-10T18:04:19Z,2026-07-10T18:04:19Z,5,root_inline_group,https://github.com/vybestack/llxprt-code/pull/2484#discussion_r3561028283
llxprt-code,2489,,2026-07-10T18:21:59Z,2026-07-10T18:21:59Z,0,explicit_review_finished,https://github.com/vybestack/llxprt-code/pull/2489#issuecomment-4938299178
llxprt-jefe,132,2d4af07e6ca7e7807c052c40bfd85ac16e81a00f,2026-07-10T18:50:00Z,2026-07-10T18:50:00Z,3,root_inline_group,https://github.com/vybestack/llxprt-jefe/pull/132#discussion_r3561275053
llxprt-code,2489,,2026-07-10T19:05:13Z,2026-07-10T19:05:13Z,0,explicit_review_finished,https://github.com/vybestack/llxprt-code/pull/2489#issuecomment-4938634658
llxprt-jefe,132,39de275c1745ba9e7e3be2050aeca8d15c46a491,2026-07-10T19:58:12Z,2026-07-10T19:58:12Z,7,root_inline_group,https://github.com/vybestack/llxprt-jefe/pull/132#discussion_r3561634364
llxprt-jefe,181,f2409b7fca9dd4e52f85473e6d162b1e17763b20,2026-07-10T20:02:40Z,2026-07-10T20:02:41Z,8,root_inline_group,https://github.com/vybestack/llxprt-jefe/pull/181#discussion_r3561658054
llxprt-code,2491,,2026-07-10T20:12:37Z,2026-07-10T20:12:37Z,0,explicit_review_finished,https://github.com/vybestack/llxprt-code/pull/2491#issuecomment-4939173644
llxprt-code,2493,a67739b58e21fc6d3678bc6100d178e0d314ded0,2026-07-10T21:00:15Z,2026-07-10T21:00:15Z,1,root_inline_group,https://github.com/vybestack/llxprt-code/pull/2493#discussion_r3561969376
llxprt-jefe,132,d085292ea604d5d090bf1d7b58ee45549359e6cb,2026-07-10T21:12:44Z,2026-07-10T21:12:44Z,3,root_inline_group,https://github.com/vybestack/llxprt-jefe/pull/132#discussion_r3562025206
llxprt-code,2495,378f18b2bbbc8f26377ab637bc25034b757b0a1c,2026-07-10T23:36:46Z,2026-07-10T23:36:46Z,1,root_inline_group,https://github.com/vybestack/llxprt-code/pull/2495#discussion_r3562537900
llxprt-jefe,192,bda3cd670925b70c5200b5c53260e30cdbc736ac,2026-07-11T00:44:42Z,2026-07-11T00:44:42Z,2,root_inline_group,https://github.com/vybestack/llxprt-jefe/pull/192#discussion_r3562711210
llxprt-jefe,132,0ed826207024bfa729f1c9467201e226900515dc,2026-07-11T00:50:15Z,2026-07-11T00:50:15Z,7,root_inline_group,https://github.com/vybestack/llxprt-jefe/pull/132#discussion_r3562722656
llxprt-code,2484,036a5e4ef8da8cdea4ccc39fff10e6a2da1b3d4a,2026-07-11T01:49:21Z,2026-07-11T01:49:21Z,2,root_inline_group,https://github.com/vybestack/llxprt-code/pull/2484#discussion_r3562861134
llxprt-jefe,193,fb07e95191502aa78b658c609f8f6cb0210ea16a,2026-07-11T03:46:23Z,2026-07-11T03:46:24Z,7,root_inline_group,https://github.com/vybestack/llxprt-jefe/pull/193#discussion_r3563074788
llxprt-jefe,180,2e1b19689a1414f1367d349e2a761681c084bc55,2026-07-11T16:39:20Z,2026-07-11T16:39:20Z,4,root_inline_group,https://github.com/vybestack/llxprt-jefe/pull/180#discussion_r3564612397
llxprt-jefe,199,da2de14e041d38aaad3bc7fa13179cd57b808cb7,2026-07-11T17:58:04Z,2026-07-11T17:58:04Z,1,root_inline_group,https://github.com/vybestack/llxprt-jefe/pull/199#discussion_r3564746706
llxprt-jefe,209,993dd8d9023cac6bf58fca5304217dd4f9d157ec,2026-07-11T18:44:03Z,2026-07-11T18:44:04Z,2,root_inline_group,https://github.com/vybestack/llxprt-jefe/pull/209#discussion_r3564814750
llxprt-jefe,218,874c6b470cc862c6884a163c5a2ac96f10cf0698,2026-07-11T19:47:08Z,2026-07-11T19:47:09Z,17,root_inline_group,https://github.com/vybestack/llxprt-jefe/pull/218#discussion_r3564913752
llxprt-code,2446,,2026-07-11T20:07:20Z,2026-07-11T20:07:20Z,0,explicit_review_finished,https://github.com/vybestack/llxprt-code/pull/2446#issuecomment-4948587425
llxprt-jefe,180,266bc9dc486f489437400759a4aaec2e09f62ed5,2026-07-11T20:59:24Z,2026-07-11T20:59:24Z,4,root_inline_group,https://github.com/vybestack/llxprt-jefe/pull/180#discussion_r3565024944
llxprt-jefe,219,e6bc54867ea7879cc23fd5338b33213106999fa8,2026-07-11T22:21:59Z,2026-07-11T22:21:59Z,3,root_inline_group,https://github.com/vybestack/llxprt-jefe/pull/219#discussion_r3565141563
llxprt-jefe,220,,2026-07-11T23:07:13Z,2026-07-11T23:07:13Z,0,explicit_review_finished,https://github.com/vybestack/llxprt-jefe/pull/220#issuecomment-4949090089
llxprt-jefe,221,08d10e712baaa9f1cfcb65b340656a883807d454,2026-07-11T23:21:49Z,2026-07-11T23:21:49Z,1,root_inline_group,https://github.com/vybestack/llxprt-jefe/pull/221#discussion_r3565218461
llxprt-code,2510,9b05eea7ca941262b9971984245d60947c4175ac,2026-07-12T00:23:31Z,2026-07-12T00:23:31Z,4,root_inline_group,https://github.com/vybestack/llxprt-code/pull/2510#discussion_r3565315978
llxprt-jefe,226,a02db13d7585e41137385833c9e5a8bdf8404a3b,2026-07-12T01:31:06Z,2026-07-12T01:31:06Z,5,root_inline_group,https://github.com/vybestack/llxprt-jefe/pull/226#discussion_r3565401341
llxprt-jefe,220,b45cbd133723a0b659ff49544eb6302b8f6c65c8,2026-07-12T04:08:08Z,2026-07-12T04:08:08Z,5,root_inline_group,https://github.com/vybestack/llxprt-jefe/pull/220#discussion_r3565636412
llxprt-jefe,220,b90f33bf8a3c33600bfd892b3f99b248732f945b,2026-07-12T05:18:03Z,2026-07-12T05:18:03Z,6,root_inline_group,https://github.com/vybestack/llxprt-jefe/pull/220#discussion_r3565719063
llxprt-jefe,180,985049e2cf290fda1ee210cf9f8916cb037caafb,2026-07-12T06:25:22Z,2026-07-12T06:25:22Z,1,root_inline_group,https://github.com/vybestack/llxprt-jefe/pull/180#discussion_r3565796634
llxprt-jefe,237,,2026-07-12T06:45:46Z,2026-07-12T06:45:46Z,0,explicit_review_finished,https://github.com/vybestack/llxprt-jefe/pull/237#issuecomment-4950271241
llxprt-luther,133,2b7d7576c057f955d92aa21cd02c2a34e8c04db0,2026-07-12T07:30:50Z,2026-07-12T07:30:50Z,3,root_inline_group,https://github.com/vybestack/llxprt-luther/pull/133#discussion_r3565876539
llxprt-code,2520,7c4602563360b8bfee42ccc63e6dfac7e9e2fcaf,2026-07-12T09:48:40Z,2026-07-12T09:48:40Z,4,root_inline_group,https://github.com/vybestack/llxprt-code/pull/2520#discussion_r3566065019
llxprt-jefe,237,,2026-07-12T13:52:10Z,2026-07-12T13:52:10Z,0,explicit_review_finished,https://github.com/vybestack/llxprt-jefe/pull/237#issuecomment-4951422547
llxprt-code,2521,,2026-07-12T15:04:50Z,2026-07-12T15:04:50Z,0,explicit_review_finished,https://github.com/vybestack/llxprt-code/pull/2521#issuecomment-4951648953
llxprt-jefe,220,dd94891306e3e0fce0d901809702651dc5f4976e,2026-07-12T15:21:29Z,2026-07-12T15:21:29Z,4,root_inline_group,https://github.com/vybestack/llxprt-jefe/pull/220#discussion_r3566570091
llxprt-luther,133,5eff9ac1f382fd370a4f6a5f2040f7a37fb45a08,2026-07-12T16:16:57Z,2026-07-12T16:16:58Z,7,root_inline_group,https://github.com/vybestack/llxprt-luther/pull/133#discussion_r3566658130
llxprt-jefe,243,f2ac1ae732d90f4b00046f0eb7264fbc268dbded,2026-07-12T17:31:18Z,2026-07-12T17:31:19Z,4,root_inline_group,https://github.com/vybestack/llxprt-jefe/pull/243#discussion_r3566774770
llxprt-code,2484,,2026-07-12T18:32:06Z,2026-07-12T18:32:06Z,0,explicit_review_finished,https://github.com/vybestack/llxprt-code/pull/2484#issuecomment-4952293245
llxprt-jefe,236,e00ee2b3bceb6a765be245e589258161db6eb0a4,2026-07-12T19:43:24Z,2026-07-12T19:43:24Z,1,root_inline_group,https://github.com/vybestack/llxprt-jefe/pull/236#discussion_r3566989096
llxprt-jefe,248,,2026-07-12T20:24:40Z,2026-07-12T20:24:40Z,0,explicit_review_finished,https://github.com/vybestack/llxprt-jefe/pull/248#issuecomment-4952643850
llxprt-code,2529,,2026-07-12T20:55:52Z,2026-07-12T20:55:52Z,0,explicit_review_finished,https://github.com/vybestack/llxprt-code/pull/2529#issuecomment-4952740758
llxprt-luther,134,4bfafc610e5df6fb3b580bb3de41be4330c1beab,2026-07-12T23:54:49Z,2026-07-12T23:54:50Z,2,root_inline_group,https://github.com/vybestack/llxprt-luther/pull/134#discussion_r3567394266
llxprt-code,2545,9594021c9332e0f75ebfc7b8df370294a542f820,2026-07-13T00:58:36Z,2026-07-13T00:58:37Z,12,root_inline_group,https://github.com/vybestack/llxprt-code/pull/2545#discussion_r3567509905
llxprt-luther,130,d83891a5afaae7cc41142087a4bdbce8d0048b21,2026-07-13T02:03:55Z,2026-07-13T02:03:55Z,5,root_inline_group,https://github.com/vybestack/llxprt-luther/pull/130#discussion_r3567652290
llxprt-code,2550,6501da5335c532e1a6970e38fd0ce55e525fdeb6,2026-07-13T04:59:16Z,2026-07-13T04:59:16Z,3,root_inline_group,https://github.com/vybestack/llxprt-code/pull/2550#discussion_r3568140477
llxprt-code,2547,4a50e2b7a25746c93a349fcc65b61cde633f09d1,2026-07-13T07:36:52Z,2026-07-13T07:36:52Z,1,root_inline_group,https://github.com/vybestack/llxprt-code/pull/2547#discussion_r3568818388
llxprt-jefe,268,3e76fc673971a1b1725adc58854e533545cda4c5,2026-07-13T13:26:32Z,2026-07-13T13:26:32Z,3,root_inline_group,https://github.com/vybestack/llxprt-jefe/pull/268#discussion_r3570996290
llxprt-jefe,272,17a07a9fa124a3ee58ffcd9df6913a30bf0a01b8,2026-07-13T15:43:11Z,2026-07-13T15:43:12Z,3,root_inline_group,https://github.com/vybestack/llxprt-jefe/pull/272#discussion_r3572022372
llxprt-jefe,274,83199a4ead232edcc4069f699671dfe34fbda26d,2026-07-13T16:44:09Z,2026-07-13T16:44:09Z,1,root_inline_group,https://github.com/vybestack/llxprt-jefe/pull/274#discussion_r3572466174
llxprt-jefe,276,d20bbd9e898ebb61acee00ab4c4a77c5c0b1fde8,2026-07-13T18:00:00Z,2026-07-13T18:00:00Z,14,root_inline_group,https://github.com/vybestack/llxprt-jefe/pull/276#discussion_r3572980033
llxprt-code,2558,,2026-07-13T18:07:51Z,2026-07-13T18:07:51Z,0,explicit_review_finished,https://github.com/vybestack/llxprt-code/pull/2558#issuecomment-4961095772
llxprt-code,2558,,2026-07-13T19:24:18Z,2026-07-13T19:24:18Z,0,explicit_review_finished,https://github.com/vybestack/llxprt-code/pull/2558#issuecomment-4961748694
llxprt-jefe,278,190723a038d70e5a6798461ce613259adcb046e5,2026-07-13T20:18:39Z,2026-07-13T20:18:39Z,4,root_inline_group,https://github.com/vybestack/llxprt-jefe/pull/278#discussion_r3573857835
llxprt-jefe,282,0ad46697df33220a8a7f83b2daa8b134545b2996,2026-07-13T21:20:12Z,2026-07-13T21:20:12Z,3,root_inline_group,https://github.com/vybestack/llxprt-jefe/pull/282#discussion_r3574221178
llxprt-jefe,284,39aeb5297c3acd0b8e8167ec3f0f85c60c704b50,2026-07-13T22:22:33Z,2026-07-13T22:22:33Z,3,root_inline_group,https://github.com/vybestack/llxprt-jefe/pull/284#discussion_r3574588599
llxprt-jefe,289,,2026-07-14T01:10:18Z,2026-07-14T01:10:18Z,0,explicit_review_finished,https://github.com/vybestack/llxprt-jefe/pull/289#issuecomment-4964425303
llxprt-jefe,288,4e4a43c08bef2d9f55e50b48d18145cf001b75d9,2026-07-14T01:32:14Z,2026-07-14T01:32:14Z,7,root_inline_group,https://github.com/vybestack/llxprt-jefe/pull/288#discussion_r3575442393
llxprt-jefe,288,932e0010f1c96c0b5a7290a472c36679f7a0e0a2,2026-07-14T02:27:47Z,2026-07-14T02:27:47Z,1,root_inline_group,https://github.com/vybestack/llxprt-jefe/pull/288#discussion_r3575626441
llxprt-jefe,291,8520408384b4e3cb1692969371a3249129b7fa2e,2026-07-14T04:05:28Z,2026-07-14T04:05:28Z,6,root_inline_group,https://github.com/vybestack/llxprt-jefe/pull/291#discussion_r3575943930
llxprt-jefe,293,5cb876eaf9b9f2e4808d6ef72b883255504ad1b8,2026-07-14T05:17:26Z,2026-07-14T05:17:26Z,1,root_inline_group,https://github.com/vybestack/llxprt-jefe/pull/293#discussion_r3576208141
llxprt-jefe,294,,2026-07-14T05:49:05Z,2026-07-14T05:49:05Z,0,explicit_review_finished,https://github.com/vybestack/llxprt-jefe/pull/294#issuecomment-4965807872
llxprt-jefe,299,01f4f28048046cc74c16dc393136f1a0e553037b,2026-07-14T11:17:04Z,2026-07-14T11:17:04Z,4,root_inline_group,https://github.com/vybestack/llxprt-jefe/pull/299#discussion_r3578470872
llxprt-jefe,294,fa52b3b8c74b7c299e201e05da29ce8b465a0b45,2026-07-14T15:33:08Z,2026-07-14T15:33:09Z,21,root_inline_group,https://github.com/vybestack/llxprt-jefe/pull/294#discussion_r3580393489
llxprt-jefe,300,fc7d6f622e1140774020015958f7f421089ea6d3,2026-07-14T16:27:28Z,2026-07-14T16:27:28Z,2,root_inline_group,https://github.com/vybestack/llxprt-jefe/pull/300#discussion_r3580821178
llxprt-code,2526,,2026-07-14T16:49:48Z,2026-07-14T16:49:48Z,0,explicit_review_finished,https://github.com/vybestack/llxprt-code/pull/2526#issuecomment-4971742918
llxprt-jefe,303,c3411c89d23afaaca88ea81b76aea17d1df5f596,2026-07-14T17:48:21Z,2026-07-14T17:48:21Z,3,root_inline_group,https://github.com/vybestack/llxprt-jefe/pull/303#discussion_r3581367738
