event_id,timestamp_local,repository_or_worktree,workflow,provider,account_tier,model,provider_attribution,outcome,failure_class,files_reviewed,comments,subtask_errors,retry_or_transition,source_path,source_sha256,corroborating_session_path,notes
R001,2026-07-10T04:57:05-0300,vybestack/llxprt-code,local,Z.ai,older top-tier annual (user-supplied),GLM-5.2,explicit log/path marker,success,none,20,5,0,yes,$TMPDIR/ocr_review_after_fixes.log,ff191e990e80b25eed2029837994643d775a68e90937e753e7e5b79e46405a11,$HOME/.opencodereview/sessions/Volumes-XS1000-acoliver-projects-llxprt-branch-10-llxprt-code/bc80c7d3-e84f-4493-b00e-377e4f8e563d.jsonl,Canonicalized by execution-output signature; companion JSON folded into this event.
R002,2026-07-10T05:14:16-0300,vybestack/llxprt-code,local,Z.ai,older top-tier annual (user-supplied),GLM-5.2,explicit log/path marker,success,none,20,5,0,yes,$TMPDIR/ocr_review_after_fixes2.log,2775e531d9fd7e4ed19108335edc6f294e4039d11f6165f0a2f58cdb27cb5f2a,$HOME/.opencodereview/sessions/Volumes-XS1000-acoliver-projects-llxprt-branch-10-llxprt-code/5c30ded8-f77c-469a-b7ac-8e7f677b3adf.jsonl,Canonicalized by execution-output signature; companion JSON folded into this event.
R003,2026-07-10T05:30:03-0300,vybestack/llxprt-code,local,unknown,unknown,unknown,not attributable from retained configuration,success,none,20,4,0,yes,$TMPDIR/ocr_review_after_fixes3.log,3c51fb683348d8b246ec9ebcc4c998d743d2f8de55f3ccc0810470c7cdd0b980,$HOME/.opencodereview/sessions/Volumes-XS1000-acoliver-projects-llxprt-branch-10-llxprt-code/91640bf9-b769-4b6b-bab5-d633c0079562.jsonl,Canonicalized by execution-output signature; companion JSON folded into this event.
R004,2026-07-10T05:49:38-0300,vybestack/llxprt-code,local,unknown,unknown,unknown,not attributable from retained configuration,success,none,21,2,0,yes,$TMPDIR/ocr_review_after_fixes4.log,b08cabefa4446f7796bce4054c3744f79948e84a2c03335be41fcd426326e694,$HOME/.opencodereview/sessions/Volumes-XS1000-acoliver-projects-llxprt-branch-10-llxprt-code/fff06467-a23b-49a5-a4d9-d07861039344.jsonl,Canonicalized by execution-output signature; companion JSON folded into this event.
R005,2026-07-10T06:03:49-0300,vybestack/llxprt-code,local,unknown,unknown,unknown,not attributable from retained configuration,success,none,21,3,0,yes,$TMPDIR/ocr_review_after_fixes5.log,d5d89bd5d0546ffc6a889d56cbae8e7d28eda7d0b0566a3042bd932aa196b52d,$HOME/.opencodereview/sessions/Volumes-XS1000-acoliver-projects-llxprt-branch-10-llxprt-code/0d5c65f2-c6a8-49bb-804b-616fc65fdf2f.jsonl,Canonicalized by execution-output signature; companion JSON folded into this event.
R006,2026-07-10T06:18:01-0300,vybestack/llxprt-code,local,unknown,unknown,unknown,not attributable from retained configuration,success,none,21,2,0,yes,$TMPDIR/ocr_review_after_fixes6.log,776f7c85e5112f782ccf19776a24df296b0c46d4154efebd38e1be6191a9f05b,$HOME/.opencodereview/sessions/Volumes-XS1000-acoliver-projects-llxprt-branch-10-llxprt-code/316f9ce6-686b-4dc6-9eb3-47979e537189.jsonl,Canonicalized by execution-output signature; companion JSON folded into this event.
R007,2026-07-10T06:32:11-0300,vybestack/llxprt-code,local,unknown,unknown,unknown,not attributable from retained configuration,success,none,21,1,0,yes,$TMPDIR/ocr_review_after_fixes7.log,514171b1c3411315e628b6322be37f0c5a7463e27fb8ad9a49d9009bb236cbf1,$HOME/.opencodereview/sessions/Volumes-XS1000-acoliver-projects-llxprt-branch-10-llxprt-code/42aad5fb-8a44-4b4d-b11a-9985235a052c.jsonl,Canonicalized by execution-output signature; companion JSON folded into this event.
R008,2026-07-10T06:41:29-0300,vybestack/llxprt-code,local,unknown,unknown,unknown,not attributable from retained configuration,success,none,21,1,0,yes,$TMPDIR/ocr_review_after_fixes8.log,883541c3fe1efa99fd00feb52631ef936c3772629867e6a0742d88156492ff05,$HOME/.opencodereview/sessions/Volumes-XS1000-acoliver-projects-llxprt-branch-10-llxprt-code/a7380b76-69c6-4ae3-9104-cf79533ce398.jsonl,Canonicalized by execution-output signature; companion JSON folded into this event.
R009,2026-07-10T06:52:57-0300,vybestack/llxprt-code,local,Z.ai,older top-tier annual (user-supplied),GLM-5.2,explicit log/path marker,success,none,21,3,0,yes,$TMPDIR/ocr_review_after_fixes9.log,18b10d1660264ba870501f726d8e4cda4024bfc22288e409c64f44980d9a12dd,$HOME/.opencodereview/sessions/Volumes-XS1000-acoliver-projects-llxprt-branch-10-llxprt-code/26dc3e7b-7972-4963-b044-cac9079d8bbb.jsonl,Canonicalized by execution-output signature; companion JSON folded into this event.
R010,2026-07-10T07:05:25-0300,vybestack/llxprt-code,local,unknown,unknown,unknown,not attributable from retained configuration,success,none,21,2,0,yes,$TMPDIR/ocr_review_after_fixes10.log,71923f858ce112c4bc2dcd35bc75ca29cfcdaa6e1cd8d5a567d6f2bd2fe2b971,$HOME/.opencodereview/sessions/Volumes-XS1000-acoliver-projects-llxprt-branch-10-llxprt-code/2d3f07c5-e99c-48b0-b088-4fbd5b584fc0.jsonl,Canonicalized by execution-output signature; companion JSON folded into this event.
R011,2026-07-10T07:15:47-0300,vybestack/llxprt-code,local,unknown,unknown,unknown,not attributable from retained configuration,success,none,21,2,0,yes,$TMPDIR/ocr_review_after_fixes11.log,fe3dd43b72f26069ac24accb23d23064e9c0c1be4f8ffc1a72bc491cc9175842,$HOME/.opencodereview/sessions/Volumes-XS1000-acoliver-projects-llxprt-branch-10-llxprt-code/e0c318a8-e2d6-436b-a948-e85802eaf5b4.jsonl,Canonicalized by execution-output signature; companion JSON folded into this event.
R012,2026-07-10T07:25:15-0300,vybestack/llxprt-code,local,unknown,unknown,unknown,not attributable from retained configuration,success,none,21,1,0,yes,$TMPDIR/ocr_review_after_fixes12.log,ef747348b33091e4d0003f1d547cee03d57c6a19d939a0b3903841d434e63115,$HOME/.opencodereview/sessions/Volumes-XS1000-acoliver-projects-llxprt-branch-10-llxprt-code/d5aae253-3d03-4d53-b971-e92343657760.jsonl,Canonicalized by execution-output signature; companion JSON folded into this event.
R013,2026-07-10T07:37:29-0300,vybestack/llxprt-code,local,unknown,unknown,unknown,not attributable from retained configuration,success,none,21,2,0,yes,$TMPDIR/ocr_review_after_fixes13.log,d418f24db8085d6fa29ad8206f74748453a0f998905ac7a466c77c0f951a69a8,$HOME/.opencodereview/sessions/Volumes-XS1000-acoliver-projects-llxprt-branch-10-llxprt-code/18b10719-d5c0-41e8-bb40-2740e497c4c4.jsonl,Canonicalized by execution-output signature; companion JSON folded into this event.
R014,2026-07-10T07:50:53-0300,vybestack/llxprt-code,local,unknown,unknown,unknown,not attributable from retained configuration,success,none,21,3,0,yes,$TMPDIR/ocr_review_after_fixes14.log,4a4730ec0bf896bd9654a6654bbcea2c0402592c3f5a4effa91bd06740f6b7f1,$HOME/.opencodereview/sessions/Volumes-XS1000-acoliver-projects-llxprt-branch-10-llxprt-code/b53803a0-8303-4965-8d0e-d94b1c96e7e3.jsonl,Canonicalized by execution-output signature; companion JSON folded into this event.
R015,2026-07-10T08:02:59-0300,vybestack/llxprt-code,local,unknown,unknown,unknown,not attributable from retained configuration,success,none,21,2,0,yes,$TMPDIR/ocr_review_after_fixes15.log,8af9ee08c3bf00bbf0fda0ea4f5a19f7d2e97a9fa4a5801414f9aa8f6481b576,$HOME/.opencodereview/sessions/Volumes-XS1000-acoliver-projects-llxprt-branch-10-llxprt-code/f446990c-aba1-4439-b3fa-1a5768db913a.jsonl,Canonicalized by execution-output signature; companion JSON folded into this event.
R016,2026-07-10T08:15:05-0300,vybestack/llxprt-code,local,unknown,unknown,unknown,not attributable from retained configuration,success,none,21,1,0,yes,$TMPDIR/ocr_review_after_fixes16.log,db3bca4ae96d91820770af3918a6c90b175ddb3921f941a8f81323266b7ac630,$HOME/.opencodereview/sessions/Volumes-XS1000-acoliver-projects-llxprt-branch-10-llxprt-code/da43eea7-f9bc-4b83-a428-910084155790.jsonl,Canonicalized by execution-output signature; companion JSON folded into this event.
R017,2026-07-10T08:25:34-0300,vybestack/llxprt-code,local,unknown,unknown,unknown,not attributable from retained configuration,success,none,21,4,0,yes,$TMPDIR/ocr_review_after_fixes17.log,4519ef40a2d5959c2725f1f6e679921b203e417b85325b995edd3a2340a6955d,$HOME/.opencodereview/sessions/Volumes-XS1000-acoliver-projects-llxprt-branch-10-llxprt-code/9d1f3bbb-aa77-4b5f-8183-16d09954ae9b.jsonl,Canonicalized by execution-output signature; companion JSON folded into this event.
R018,2026-07-10T08:38:53-0300,vybestack/llxprt-code,local,unknown,unknown,unknown,not attributable from retained configuration,success,none,21,0,0,yes,$TMPDIR/ocr_review_after_fixes18.log,0499638b65cc0598e36bd0a072739570ab3eb48a9e33e1464771eb5d6ed4c55f,$HOME/.opencodereview/sessions/Volumes-XS1000-acoliver-projects-llxprt-branch-10-llxprt-code/cd58ef1b-a91f-4db3-ab22-976be4a71013.jsonl,Canonicalized by execution-output signature; companion JSON folded into this event.
R019,2026-07-10T12:10:33-0300,vybestack/llxprt-jefe,local,unknown,unknown,unknown,not attributable from retained configuration,success,none,6,1,0,no/unknown,$TMPDIR/ocr_review_pr132.log,d5dd6a9fa53c1ae1d98475ba537d330166385a1da1a36752f43b5b7f93f18983,$HOME/.opencodereview/sessions/Volumes-XS1000-acoliver-projects-jefe-branch-4/5e1713e6-f9ab-4413-a15d-ce76c45eaccf.jsonl,Canonicalized by execution-output signature; companion JSON folded into this event.
R020,2026-07-10T13:46:53-0300,vybestack/llxprt-code,local,unknown,unknown,unknown,not attributable from retained configuration,success,none,,,0,no/unknown,$TMPDIR/ocr_review_test.log,e2232dee283d43f8f6e0b175e35a6fb7b721d2d6e97a372005bb3b61bab169f8,,Canonicalized by execution-output signature; companion JSON folded into this event.
R021,2026-07-10T13:49:17-0300,vybestack/llxprt-jefe,local,unknown,unknown,unknown,not attributable from retained configuration,success,none,0,0,0,no/unknown,$TMPDIR/ocr_review_178.log,62f8f6d58bafea67d1941548a0875553a0d65da6d2b248db39da3f80d23644a8,$HOME/.opencodereview/sessions/Users-acoliver-projects-jefe-base-branch-1/67ad8680-8494-42e5-b6c5-46b0189dc0ad.jsonl,Canonicalized by execution-output signature; companion JSON folded into this event.
R022,2026-07-10T13:53:02-0300,vybestack/llxprt-code,local,unknown,unknown,unknown,not attributable from retained configuration,success,none,,,0,no/unknown,$TMPDIR/ocr_review_complete2.log,f1953017579416b6ef109a9629a34a0ca7c05040ceb91bd252616cc5d38d5c08,,Canonicalized by execution-output signature; companion JSON folded into this event.
R023,2026-07-10T14:04:14-0300,vybestack/llxprt-code,local,unknown,unknown,unknown,not attributable from retained configuration,success,none,,,0,yes,$TMPDIR/ocr_review_issue1723_final3.log,dc08be442530ff52f9208af5786ae96a5d17d9a9465b2a326328d0b72719b357,,Canonicalized by execution-output signature; companion JSON folded into this event.
R024,2026-07-10T14:14:25-0300,vybestack/llxprt-code,local,unknown,unknown,unknown,not attributable from retained configuration,success,none,,,0,yes,$TMPDIR/ocr_review_issue1723_final4.log,b8077a311a9096fd7a57cca24ec6aa9d6baf3d584d40e465657d5642655da18e,,Canonicalized by execution-output signature; companion JSON folded into this event.
R025,2026-07-10T14:23:28-0300,vybestack/llxprt-code,local,unknown,unknown,unknown,not attributable from retained configuration,success,none,,,0,yes,$TMPDIR/ocr_review_issue1723_final5.log,f19ec57b4a6d172e6b696609bc6df55fae3d52a1784f9328f2ff10c8b3cdcff4,,Canonicalized by execution-output signature; companion JSON folded into this event.
R026,2026-07-10T14:30:25-0300,vybestack/llxprt-code,local,unknown,unknown,unknown,not attributable from retained configuration,success,none,,,0,yes,$TMPDIR/ocr_review_issue1723_final6.log,89969bd43a5530331481ac2a46b8015922d45dd50a860d927362548d7f8f1f9f,,Canonicalized by execution-output signature; companion JSON folded into this event.
R027,2026-07-10T14:39:50-0300,vybestack/llxprt-code,local,unknown,unknown,unknown,not attributable from retained configuration,success,none,,,0,yes,$TMPDIR/ocr_review_issue1723_final7.log,9055b79681a32280f72d71511aff08fa9b4805dac46b058261d0145e2f0f2c73,,Canonicalized by execution-output signature; companion JSON folded into this event.
R028,2026-07-10T15:39:15-0300,vybestack/llxprt-jefe,local,unknown,unknown,unknown,not attributable from retained configuration,success,none,45,27,0,no/unknown,$TMPDIR/ocr_review_132.log,5e08674e9023a40fa00df69d35ac687a45d8642e37d490c355a50e20dfa0d707,$HOME/.opencodereview/sessions/Volumes-XS1000-acoliver-projects-jefe-branch-4/bb5e4567-48ac-4bb3-a615-91908dbee7da.jsonl,Canonicalized by execution-output signature; companion JSON folded into this event.
R029,2026-07-10T20:49:44-0300,vybestack/llxprt-jefe,local,Z.ai,older top-tier annual (user-supplied),GLM-5.2,config-snapshot interval inference,success,none,48,27,0,no/unknown,$TMPDIR/ocr_issue184_review.log,1ad1566673da5974549108bc09ca3cd66e2277dce68eecf05c73da84d77d314d,$HOME/.opencodereview/sessions/Users-acoliver-projects-jefe-base-branch-1/13700a86-35d8-40a8-81eb-8da8a0a814ee.jsonl,Canonicalized by execution-output signature; companion JSON folded into this event.
R030,2026-07-10T22:18:44-0300,vybestack/llxprt-code,local,Z.ai,older top-tier annual (user-supplied),GLM-5.2,config-snapshot interval inference,success,none,,,0,no/unknown,$TMPDIR/ocr_review_2492_concurrency.log,27d9b5dd57653f809bf66986dd96153f17fce0a755d0bded0b62c22a613dd388,$HOME/.opencodereview/sessions/Volumes-XS1000-acoliver-projects-llxprt-branch-9-llxprt-code/861ecc83-676a-4407-8e63-1b601b7c0b04.jsonl,Canonicalized by execution-output signature; companion JSON folded into this event.
R031,2026-07-10T22:23:51-0300,vybestack/llxprt-code,local,Z.ai,older top-tier annual (user-supplied),GLM-5.2,config-snapshot interval inference,success,none,,,0,no/unknown,$TMPDIR/ocr_review_2492_symbol.log,f6034f7040f9020f980d643c63bc143b063756d02011e7434a9d0a844958d6d9,$HOME/.opencodereview/sessions/Volumes-XS1000-acoliver-projects-llxprt-branch-9-llxprt-code/4c490be6-c17a-4ffe-8d2c-6a1961906f87.jsonl,Canonicalized by execution-output signature; companion JSON folded into this event.
R032,2026-07-11T03:00:47-0300,vybestack/llxprt-code,local,Z.ai,older top-tier annual (user-supplied),GLM-5.2,config-snapshot interval inference,success,none,14,14,0,no/unknown,$TMPDIR/ocr_review_1604.log,9d6244d95e1c2443f6bb3bc01f8900f3f2ac69953cd90ddf2a8edbe9a80870b1,$HOME/.opencodereview/sessions/Users-acoliver-projects-llxprt-branch-8-llxprt-code/96198226-2b9d-4cdd-8448-b7f659e3ca55.jsonl,Canonicalized by execution-output signature; companion JSON folded into this event.
R033,2026-07-11T04:54:38-0300,vybestack/llxprt-code,local,Z.ai,older top-tier annual (user-supplied),GLM-5.2,config-snapshot interval inference,success,none,0,0,0,no/unknown,$TMPDIR/ocr_1604.log,62f8f6d58bafea67d1941548a0875553a0d65da6d2b248db39da3f80d23644a8,$HOME/.opencodereview/sessions/Users-acoliver-projects-llxprt-branch-8-llxprt-code/188c892c-1d51-4b33-b8f1-435f3ea7f638.jsonl,Canonicalized by execution-output signature; companion JSON folded into this event.
R034,2026-07-11T05:03:44-0300,vybestack/llxprt-code,local,Z.ai,older top-tier annual (user-supplied),GLM-5.2,config-snapshot interval inference,success,none,14,17,0,no/unknown,$TMPDIR/ocr_1604b.log,16c97edf3ee16dceac068716ead8064b0dd037ef3bf3fabc8d51eb12688b93e3,$HOME/.opencodereview/sessions/Users-acoliver-projects-llxprt-branch-8-llxprt-code/60282c81-6227-4090-bbf8-0aae5cfe4e8f.jsonl,Canonicalized by execution-output signature; companion JSON folded into this event.
R035,2026-07-11T10:29:55-0300,vybestack/llxprt-code,local,Z.ai,older top-tier annual (user-supplied),GLM-5.2,config-snapshot interval inference,success,none,17,16,0,no/unknown,$TMPDIR/ocr_1604c.log,6b717177b55bea7b1bae944853eabe59375a7a8a221a1656bb2dc52b1afbb470,$HOME/.opencodereview/sessions/Users-acoliver-projects-llxprt-branch-8-llxprt-code/9c21a1de-e55d-482d-b163-5e4b1012f757.jsonl,Canonicalized by execution-output signature; companion JSON folded into this event.
R036,2026-07-11T12:08:19-0300,vybestack/llxprt-jefe,local,Z.ai,older top-tier annual (user-supplied),GLM-5.2,config-snapshot interval inference,success,none,0,0,0,no/unknown,$TMPDIR/ocr_review_pr132_ux.log,62f8f6d58bafea67d1941548a0875553a0d65da6d2b248db39da3f80d23644a8,$HOME/.opencodereview/sessions/Volumes-XS1000-acoliver-projects-jefe-branch-4/b80b3673-791c-4d6d-99b7-3ae9fd8c69c5.jsonl,Canonicalized by execution-output signature; companion JSON folded into this event.
R037,2026-07-11T12:21:03-0300,vybestack/llxprt-jefe,local,Z.ai,older top-tier annual (user-supplied),GLM-5.2,config-snapshot interval inference,success,none,70,27,0,no/unknown,$TMPDIR/ocr_review_pr132_ux2.log,a7fdce70c80097d90a2148aef77009029c6b82942a05d2fe347a2c816ce7f977,$HOME/.opencodereview/sessions/Volumes-XS1000-acoliver-projects-jefe-branch-4/1bad5a7d-e9a4-497b-a20c-74986e28d26c.jsonl,Canonicalized by execution-output signature; companion JSON folded into this event.
R038,2026-07-11T13:24:18-0300,vybestack/llxprt-code,local,Z.ai,older top-tier annual (user-supplied),GLM-5.2,config-snapshot interval inference,success,none,20,23,0,no/unknown,$TMPDIR/ocr_1604d.log,c93fa2b9270fff78ea1bd651a20e3f869948625e62062486bff3b66409e9a33c,$HOME/.opencodereview/sessions/Users-acoliver-projects-llxprt-branch-8-llxprt-code/71feb1bc-b760-4d81-a7b4-a94ce3d35f28.jsonl,Canonicalized by execution-output signature; companion JSON folded into this event.
R039,2026-07-11T14:15:42-0300,vybestack/llxprt-jefe,local,Z.ai,older top-tier annual (user-supplied),GLM-5.2,config-snapshot interval inference,success,none,27,40,0,no/unknown,$TMPDIR/ocr_review_179b.log,22e6e6910fa837b8bfc4ee66232574abf6f44f2c11517b361493412400d8036f,$HOME/.opencodereview/sessions/Volumes-XS1000-acoliver-projects-jefe-branch-3/2f5435ce-5b26-449d-a20d-3246b6542cb1.jsonl,Canonicalized by execution-output signature; companion JSON folded into this event.
R040,2026-07-11T14:24:31-0300,vybestack/llxprt-jefe,local,Z.ai,older top-tier annual (user-supplied),GLM-5.2,config-snapshot interval inference,success,none,27,35,0,no/unknown,$TMPDIR/ocr_review_179.log,4ff39b077d376e9d618e6fc883b0a4df0d15a5c88bc05f5256dbb72e48da960b,$HOME/.opencodereview/sessions/Volumes-XS1000-acoliver-projects-jefe-branch-3/d71b5f91-3241-43bd-a464-b31ecc6ad698.jsonl,Canonicalized by execution-output signature; companion JSON folded into this event.
R041,2026-07-11T14:56:59-0300,vybestack/llxprt-jefe,local,Z.ai,older top-tier annual (user-supplied),GLM-5.2,config-snapshot interval inference,success,none,5,3,0,no/unknown,$TMPDIR/ocr_review_200.log,f5349d5817097f2ec4b219c9d7957d9896af7d611ff5fc1c7f4afaab45a782bb,$HOME/.opencodereview/sessions/Volumes-XS1000-acoliver-projects-jefe-branch-1/01b66ddd-8eeb-4761-9bd5-7b96be8b288b.jsonl,Canonicalized by execution-output signature; companion JSON folded into this event.
R042,2026-07-11T15:16:33-0300,vybestack/llxprt-jefe,local,Z.ai,older top-tier annual (user-supplied),GLM-5.2,config-snapshot interval inference,success,none,6,3,0,no/unknown,$TMPDIR/ocr_review_197.log,c9fb189dd6457b53b6c0d827b5c8f8359f97e7a3975ae57f6a30eb3635322fba,$HOME/.opencodereview/sessions/Volumes-XS1000-acoliver-projects-jefe-branch-4/8df6bc16-2a3f-4aab-a4b0-f18e8b0b7d9e.jsonl,Canonicalized by execution-output signature; companion JSON folded into this event.
R043,2026-07-11T15:17:55-0300,vybestack/llxprt-jefe,local,Z.ai,older top-tier annual (user-supplied),GLM-5.2,config-snapshot interval inference,success,none,32,27,0,no/unknown,$TMPDIR/ocr_review_dim.log,6c810f57485ef667f929d7b65c9494aafdd421730c8ff7959d2b017a370ba8e0,$HOME/.opencodereview/sessions/Volumes-XS1000-acoliver-projects-jefe-branch-3/75929107-c10a-40fb-964e-4e9563857bcd.jsonl,Canonicalized by execution-output signature; companion JSON folded into this event.
R044,2026-07-11T16:02:06-0300,vybestack/llxprt-jefe,local,Z.ai,older top-tier annual (user-supplied),GLM-5.2,config-snapshot interval inference,success,none,0,0,0,no/unknown,$TMPDIR/ocr_review_200c.log,62f8f6d58bafea67d1941548a0875553a0d65da6d2b248db39da3f80d23644a8,$HOME/.opencodereview/sessions/Volumes-XS1000-acoliver-projects-jefe-branch-1/f157d9bb-ffdf-44c1-8c7c-1dc7072c97e4.jsonl,Canonicalized by execution-output signature; companion JSON folded into this event.
R045,2026-07-11T16:07:15-0300,vybestack/llxprt-code,local,Z.ai,older top-tier annual (user-supplied),GLM-5.2,config-snapshot interval inference,success,none,16,9,0,no/unknown,$TMPDIR/ocr_review_2446.log,66f755297ffc0459f369a1185c96fbce0ec07b018da992f068c70ee925a643b1,$HOME/.opencodereview/sessions/Users-acoliver-projects-llxprt-branch-1-llxprt-code/3f22f0fb-3854-4584-b965-fc1a777a8e12.jsonl,Canonicalized by execution-output signature; companion JSON folded into this event.
R046,2026-07-11T16:09:51-0300,vybestack/llxprt-jefe,local,Z.ai,older top-tier annual (user-supplied),GLM-5.2,config-snapshot interval inference,success,none,17,14,0,no/unknown,$TMPDIR/ocr_review_197_v2.log,92c772c76536b1522ddfb13756cab9e67b8f35256656c2c723e4678a9efa100a,$HOME/.opencodereview/sessions/Volumes-XS1000-acoliver-projects-jefe-branch-4/17410a92-e0f6-4951-8ef5-5de54c9a0da0.jsonl,Canonicalized by execution-output signature; companion JSON folded into this event.
R047,2026-07-11T16:40:57-0300,vybestack/llxprt-jefe,local,Z.ai,older top-tier annual (user-supplied),GLM-5.2,config-snapshot interval inference,success,none,16,14,0,no/unknown,$TMPDIR/ocr_review_197_v3.log,401c2060798a9adeb8e835d43c2a345785d61823c0afdc497a1e490dda6169f9,$HOME/.opencodereview/sessions/Volumes-XS1000-acoliver-projects-jefe-branch-4/a5af8803-bff1-4d39-8d12-a3a2af73fa5a.jsonl,Canonicalized by execution-output signature; companion JSON folded into this event.
R048,2026-07-11T17:02:10-0300,vybestack/llxprt-code,local,Z.ai,older top-tier annual (user-supplied),GLM-5.2,config-snapshot interval inference,success,none,16,5,0,yes,$TMPDIR/ocr_review_2446_rerun.log,4a189325259d939b730fd808a030eefd4e146c2c451e2fcb8c92367a6f9fced1,$HOME/.opencodereview/sessions/Users-acoliver-projects-llxprt-branch-1-llxprt-code/e0d2229a-2fdb-458c-91e9-e4c5dcab7be6.jsonl,Canonicalized by execution-output signature; companion JSON folded into this event.
R049,2026-07-11T17:17:39-0300,vybestack/llxprt-jefe,local,Z.ai,older top-tier annual (user-supplied),GLM-5.2,config-snapshot interval inference,success,none,32,18,0,no/unknown,$TMPDIR/ocr_review_197_v5.log,1686996ffc65a7d26733b13726fec53cfa8097daaa35c261ac93d0d814649e4e,$HOME/.opencodereview/sessions/Volumes-XS1000-acoliver-projects-jefe-branch-4/ceb98cfe-a1c5-41cf-8a09-4eaacc12a0e5.jsonl,Canonicalized by execution-output signature; companion JSON folded into this event.
R050,2026-07-11T17:57:25-0300,vybestack/llxprt-jefe,local,Z.ai,older top-tier annual (user-supplied),GLM-5.2,config-snapshot interval inference,success,none,5,0,0,no/unknown,$TMPDIR/ocr_review_210b.log,bbf1bcc17d2d96327ae7876f95e4a9b0c892226343acee6e7c429f9537f03950,$HOME/.opencodereview/sessions/Volumes-XS1000-acoliver-projects-jefe-branch-3/3dd2c989-531c-4052-8d8d-98e697f5ca0b.jsonl,Canonicalized by execution-output signature; companion JSON folded into this event.
R051,2026-07-11T18:59:59-0300,vybestack/llxprt-code,local,Z.ai,older top-tier annual (user-supplied),GLM-5.2,explicit log/path marker,success,none,3,1,0,no/unknown,$TMPDIR/ocr_review_2453.log,82f0dc0fd8ad8cc0e62386360bca26a39b8073cd130eb31650d6f3ac2c92d26d,$HOME/.opencodereview/sessions/Users-acoliver-projects-llxprt-branch-1-llxprt-code/2a2e56c3-c075-41c7-9e3d-b490c6f292ea.jsonl,Canonicalized by execution-output signature; companion JSON folded into this event.
R052,2026-07-11T19:06:20-0300,vybestack/llxprt-code,local,Z.ai,older top-tier annual (user-supplied),GLM-5.2,config-snapshot interval inference,success,none,10,3,0,no/unknown,$TMPDIR/ocr_review_2453_range.log,28325f89ec3b4704516f7edbba27779eb03a8cf10ae268b3bdfb2fad2d493bb8,$HOME/.opencodereview/sessions/Users-acoliver-projects-llxprt-branch-1-llxprt-code/793deac5-ae5a-4005-a3ae-d20d89be6372.jsonl,Canonicalized by execution-output signature; companion JSON folded into this event.
R053,2026-07-11T19:15:31-0300,vybestack/llxprt-code,local,Z.ai,older top-tier annual (user-supplied),GLM-5.2,config-snapshot interval inference,success,none,10,3,0,yes,$TMPDIR/ocr_review_2453_final.log,083b32219e5111b8fc05d52642aad88f93db74b79c46a524b9a1af3020030b5b,$HOME/.opencodereview/sessions/Users-acoliver-projects-llxprt-branch-1-llxprt-code/c86fac81-6b62-4f58-b203-ae71122abeb7.jsonl,Canonicalized by execution-output signature; companion JSON folded into this event.
R054,2026-07-11T20:17:50-0300,vybestack/llxprt-code,local,Z.ai,older top-tier annual (user-supplied),GLM-5.2,explicit log/path marker,success,none,,,0,no/unknown,$TMPDIR/ocr_issue2349_review.json,979f8ddbecf2383b888517877a5a7d0ad4d341c8fdffec4150f8de6939502fe0,$HOME/.opencodereview/sessions/Users-acoliver-projects-llxprt-branch-2-llxprt-code/3d6d4137-c55b-4bbf-8f9f-471202bc1989.jsonl,Canonicalized by execution-output signature; companion JSON folded into this event.
R055,2026-07-11T20:27:10-0300,vybestack/llxprt-code,local,Z.ai,older top-tier annual (user-supplied),GLM-5.2,config-snapshot interval inference,success,none,5,0,0,no/unknown,$TMPDIR/ocr_review_2500.log,8a0e94c79526721ba4289d1bff7e3f6878cf7d87c288fa5c41958f452bb987bd,$HOME/.opencodereview/sessions/Users-acoliver-projects-llxprt-branch-4-llxprt-code/bd61aab0-43ff-4a26-a556-cb9fd1ca38d2.jsonl,Canonicalized by execution-output signature; companion JSON folded into this event.
R056,2026-07-11T20:28:54-0300,vybestack/llxprt-code,local,Z.ai,older top-tier annual (user-supplied),GLM-5.2,config-snapshot interval inference,success,none,0,0,0,no/unknown,$TMPDIR/ocr_review_2501.log,62f8f6d58bafea67d1941548a0875553a0d65da6d2b248db39da3f80d23644a8,$HOME/.opencodereview/sessions/Volumes-XS1000-acoliver-projects-llxprt-branch-9-llxprt-code/14cc912c-a4f9-413a-a766-aeacf0cfcfbd.jsonl,Canonicalized by execution-output signature; companion JSON folded into this event.
R057,2026-07-11T20:30:39-0300,vybestack/llxprt-code,local,Z.ai,older top-tier annual (user-supplied),GLM-5.2,config-snapshot interval inference,success,none,0,0,0,no/unknown,$TMPDIR/ocr_review_2501b.log,62f8f6d58bafea67d1941548a0875553a0d65da6d2b248db39da3f80d23644a8,$HOME/.opencodereview/sessions/Volumes-XS1000-acoliver-projects-llxprt-branch-9-llxprt-code/c1bceffe-3c07-4b9a-803b-f7403f75979f.jsonl,Canonicalized by execution-output signature; companion JSON folded into this event.
R058,2026-07-11T20:33:19-0300,vybestack/llxprt-code,local,Z.ai,older top-tier annual (user-supplied),GLM-5.2,config-snapshot interval inference,success,none,4,1,0,no/unknown,$TMPDIR/ocr_review_2501c.log,64d6dea4c1934df9945f453075cfab93451ba10649cdfa39ddb936e4f10e6638,$HOME/.opencodereview/sessions/Volumes-XS1000-acoliver-projects-llxprt-branch-9-llxprt-code/7c0a1bbc-a62a-4a42-a61f-c16f92fb0070.jsonl,Canonicalized by execution-output signature; companion JSON folded into this event.
R059,2026-07-12T00:08:23-0300,vybestack/llxprt-luther,local,Z.ai,older top-tier annual (user-supplied),GLM-5.2,config-snapshot interval inference,success,none,10,14,0,no/unknown,$TMPDIR/ocr_issue131.log,3e869fa7173fe68c22b6733445c17bbc5b1c0e68f0ddc404cf33fd18208be528,$HOME/.opencodereview/sessions/private-tmp-luther-issue-131/78a8598b-b955-4933-9b6b-96b958502724.jsonl,Canonicalized by execution-output signature; companion JSON folded into this event.
R060,2026-07-12T00:29:15-0300,vybestack/llxprt-jefe,local,Z.ai,older top-tier annual (user-supplied),GLM-5.2,config-snapshot interval inference,success,none,6,1,0,no/unknown,$TMPDIR/ocr_review_227.log,614c6865f89266d4ae1ff3c448b25bd130f3e722fa9ca5e04eee6b39f78eee08,$HOME/.opencodereview/sessions/Volumes-XS1000-acoliver-projects-jefe-branch-1/16eb4733-6f78-46e8-9c97-c77c02c29993.jsonl,Canonicalized by execution-output signature; companion JSON folded into this event.
R061,2026-07-12T00:49:17-0300,vybestack/llxprt-jefe,local,Z.ai,older top-tier annual (user-supplied),GLM-5.2,config-snapshot interval inference,success,none,6,5,0,no/unknown,$TMPDIR/ocr_review_227_v2.log,4442c038d4e35da0afa420abb11a63496e662b6a01fb9d9ad669e5781b77f62e,$HOME/.opencodereview/sessions/Volumes-XS1000-acoliver-projects-jefe-branch-1/7fe87efe-a2bf-4916-bf19-5927f98ff2f1.jsonl,Canonicalized by execution-output signature; companion JSON folded into this event.
R062,2026-07-12T01:29:54-0300,vybestack/llxprt-jefe,local,Z.ai,older top-tier annual (user-supplied),GLM-5.2,config-snapshot interval inference,success,none,22,5,0,no/unknown,$TMPDIR/ocr_review_228.log,c458dba50285936ecad7f1155edaf7c37d4839cfc125358bf120bd8bbd008208,$HOME/.opencodereview/sessions/Volumes-XS1000-acoliver-projects-jefe-branch-3/55237d07-1b56-43b5-888d-2752d458659f.jsonl,Canonicalized by execution-output signature; companion JSON folded into this event.
R063,2026-07-12T02:20:28-0300,vybestack/llxprt-code,local,Z.ai,older top-tier annual (user-supplied),GLM-5.2,config-snapshot interval inference,success,none,0,0,0,no/unknown,$TMPDIR/ocr_review_2508_v3.log,62f8f6d58bafea67d1941548a0875553a0d65da6d2b248db39da3f80d23644a8,$HOME/.opencodereview/sessions/Users-acoliver-projects-llxprt-branch-4-llxprt-code/aec4139a-81fc-447f-a3cf-b3f36f8d9473.jsonl,Canonicalized by execution-output signature; companion JSON folded into this event.
R064,2026-07-12T02:26:56-0300,vybestack/llxprt-jefe,local,Z.ai,older top-tier annual (user-supplied),GLM-5.2,config-snapshot interval inference,success,none,13,1,0,no/unknown,$TMPDIR/ocr_review_202.log,21646ff773142478e4110a528816260c9b1b467199ecaee8625a655685619514,$HOME/.opencodereview/sessions/Volumes-XS1000-acoliver-projects-jefe-branch-1/5b5f48a7-a238-4052-8494-d227d136b3b4.jsonl,Canonicalized by execution-output signature; companion JSON folded into this event.
R065,2026-07-12T02:52:13-0300,vybestack/llxprt-jefe,local,Z.ai,older top-tier annual (user-supplied),GLM-5.2,config-snapshot interval inference,success,none,2,0,0,no/unknown,$TMPDIR/ocr_review_235.log,8c7d3bf8e3ea8fb65ae3c8ae496c905d9487496f7b439a1582924204787d78fb,$HOME/.opencodereview/sessions/Volumes-XS1000-acoliver-projects-jefe-branch-6/7654c504-0d13-4a38-abe4-f174f2397524.jsonl,Canonicalized by execution-output signature; companion JSON folded into this event.
R066,2026-07-12T03:17:59-0300,vybestack/llxprt-code,local,Z.ai,older top-tier annual (user-supplied),GLM-5.2,config-snapshot interval inference,success,none,18,7,0,no/unknown,$TMPDIR/ocr1609.log,7bc92d10d7b5fec276bcb087c4cb18d83caffb6340ff205bcfecace5e79d634d,$HOME/.opencodereview/sessions/Users-acoliver-projects-llxprt-branch-8-llxprt-code/d3cb51d3-bed9-4cf8-a4d4-bfe67585853e.jsonl,Canonicalized by execution-output signature; companion JSON folded into this event.
R067,2026-07-12T04:27:34-0300,vybestack/llxprt-code,local,Z.ai,older top-tier annual (user-supplied),GLM-5.2,config-snapshot interval inference,success,none,5,0,0,no/unknown,$TMPDIR/ocr_review5.log,4044e1029a628fcaef55192ec7c46adc87099a09bf706ba29a1d4f09b74ab218,$HOME/.opencodereview/sessions/Users-acoliver-projects-llxprt-branch-7-llxprt-code/4ae766b3-0c6f-4f64-8349-4ac4631c08ea.jsonl,Canonicalized by execution-output signature; companion JSON folded into this event.
R068,2026-07-12T04:42:50-0300,vybestack/llxprt-code,local,StepFun,Pro (user-supplied; date inferred from key snapshot),Step-3.7-Flash,explicit log/path marker,partial,partial/subtask failure,,,10,yes,$TMPDIR/ocr_review_retry6.log,a936b8238bbd2dee6ca3f001bbfbab3e65ddd2c237e09cdaeac313dc8c41411c,$HOME/.opencodereview/sessions/Users-acoliver-projects-llxprt-branch-3-llxprt-code/ab653a75-3761-48c0-8b9c-8f8e65dc0caa.jsonl,Completed with partial output; subtask failure cause: HTTP 429/rate limit.
R069,2026-07-12T05:40:06-0300,vybestack/llxprt-code,local,Z.ai,older top-tier annual (user-supplied),GLM-5.2,config-snapshot interval inference,success,none,1,0,0,no/unknown,$TMPDIR/ocr_review6.log,8def884c4b41bd05ca25501fdf2b89344a2c615b74b40021d9885347fc45315f,$HOME/.opencodereview/sessions/Users-acoliver-projects-llxprt-branch-7-llxprt-code/ec9b9711-3f90-4516-bd76-39bb81599372.jsonl,Canonicalized by execution-output signature; companion JSON folded into this event.
R070,2026-07-12T08:50:36-0300,vybestack/llxprt-code,local,Z.ai,older top-tier annual (user-supplied),GLM-5.2,config-snapshot interval inference,success,none,3,0,0,no/unknown,$TMPDIR/ocr_review_2457.log,ffd66045f376b994d84c4cd2915d16581ebc7e4e194a74d921cb745089a40c38,$HOME/.opencodereview/sessions/Users-acoliver-projects-llxprt-branch-1-llxprt-code/5c280265-3475-420c-b084-a4db733b6930.jsonl,Canonicalized by execution-output signature; companion JSON folded into this event.
R071,2026-07-12T09:09:46-0300,vybestack/llxprt-code,local,Z.ai,older top-tier annual (user-supplied),GLM-5.2,config-snapshot interval inference,success,none,3,0,0,yes,$TMPDIR/ocr_review_2457_final.log,8aec07646b9c8246e38206a4072b3b1c43bc2cab3552d15935c87836e5f50d51,$HOME/.opencodereview/sessions/Users-acoliver-projects-llxprt-branch-1-llxprt-code/b953fb89-8f3d-440b-ae57-113586d8ed39.jsonl,Canonicalized by execution-output signature; companion JSON folded into this event.
R072,2026-07-12T11:10:51-0300,vybestack/llxprt-jefe,local,Z.ai,older top-tier annual (user-supplied),GLM-5.2,config-snapshot interval inference,success,none,4,0,0,no/unknown,$TMPDIR/ocr_review_235_v2.log,610b93fec2cec404dc6ee8c7f450b7a9524b8115e00ccbb8f616c8ecfb0674f3,$HOME/.opencodereview/sessions/Volumes-XS1000-acoliver-projects-jefe-branch-6/efb223f6-ff66-4ac2-9c47-985f4b95c358.jsonl,Canonicalized by execution-output signature; companion JSON folded into this event.
R073,2026-07-12T11:28:18-0300,vybestack/llxprt-code,local,Z.ai,older top-tier annual (user-supplied),GLM-5.2,config-snapshot interval inference,success,none,12,4,0,no/unknown,$TMPDIR/ocr_review_pr2462.log,3709e681117933b7a918a145bca23cdd7dcfefa39df2e60201f1fd198517ec61,$HOME/.opencodereview/sessions/Users-acoliver-projects-llxprt-branch-1-llxprt-code/216fc204-dbc1-4ac7-9bb7-307a7f4fb579.jsonl,Canonicalized by execution-output signature; companion JSON folded into this event.
R074,2026-07-12T11:43:26-0300,vybestack/llxprt-code,local,Z.ai,older top-tier annual (user-supplied),GLM-5.2,config-snapshot interval inference,success,none,2,2,0,no/unknown,$TMPDIR/ocr_review_remediation.log,5506bd25cb8b4837de49e0deef91195c93f61102dc8742168ff5847f76f01840,$HOME/.opencodereview/sessions/Users-acoliver-projects-llxprt-branch-1-llxprt-code/7153dcb7-4554-4ff3-84a8-33296ed38aa2.jsonl,Canonicalized by execution-output signature; companion JSON folded into this event.
R075,2026-07-12T13:38:14-0300,vybestack/llxprt-jefe,local,Z.ai,older top-tier annual (user-supplied),GLM-5.2,config-snapshot interval inference,success,none,4,4,0,no/unknown,$TMPDIR/ocr_review_242.log,ca1d9cb7b745d53e3e9d76a0a83c219b226d83cfbfbda3ca0874374c89f59197,$HOME/.opencodereview/sessions/Volumes-XS1000-acoliver-projects-jefe-branch-6/d0375222-ae11-49d6-8c50-117e923cec3a.jsonl,Canonicalized by execution-output signature; companion JSON folded into this event.
R076,2026-07-12T15:19:18-0300,vybestack/llxprt-code,local,Z.ai,older top-tier annual (user-supplied),GLM-5.2,config-snapshot interval inference,success,none,3,0,0,no/unknown,$TMPDIR/ocr_review_2465.log,ab9b6a20a7d16e54ea3e23ad091b98cfea5d37dc1f3e093d10e9c6bbaa6d2e24,$HOME/.opencodereview/sessions/Users-acoliver-projects-llxprt-branch-1-llxprt-code/de51a62c-1727-46a7-bad1-95bf08b3069c.jsonl,Canonicalized by execution-output signature; companion JSON folded into this event.
R077,2026-07-12T15:31:17-0300,vybestack/llxprt-jefe,local,Z.ai,older top-tier annual (user-supplied),GLM-5.2,config-snapshot interval inference,success,none,8,0,0,no/unknown,$TMPDIR/ocr_pr246.log,837921aabf1f20e48bc3bf2566a6091463be3fd41f0f004dc9ee6ff5136c7595,$HOME/.opencodereview/sessions/Volumes-XS1000-acoliver-projects-jefe-branch-6/3bfc4d49-572c-415d-8b38-f1b260aaeee3.jsonl,Canonicalized by execution-output signature; companion JSON folded into this event.
R078,2026-07-12T16:27:02-0300,vybestack/llxprt-jefe,local,Z.ai,older top-tier annual (user-supplied),GLM-5.2,config-snapshot interval inference,success,none,1,1,0,no/unknown,$TMPDIR/ocr_review_206.log,a54e39271e49d95ba65e88cb54459ae846c431640a7a155b68a6276d1ca88fbe,$HOME/.opencodereview/sessions/Volumes-XS1000-acoliver-projects-jefe-branch-5/7eed18b6-6d91-4fc9-9764-17b8fece9bea.jsonl,Canonicalized by execution-output signature; companion JSON folded into this event.
R079,2026-07-12T16:43:32-0300,vybestack/llxprt-jefe,local,Z.ai,older top-tier annual (user-supplied),GLM-5.2,config-snapshot interval inference,success,none,9,5,0,no/unknown,$TMPDIR/ocr_review_245.log,5bffcbd00a9d9c06dbfe67ef4c364fb970baa9569b3bbc16c09cfe73ba3083b5,$HOME/.opencodereview/sessions/Volumes-XS1000-acoliver-projects-jefe-branch-3/1398c947-9a69-4fda-a1dd-8ecc12dd1802.jsonl,Canonicalized by execution-output signature; companion JSON folded into this event.
R080,2026-07-12T16:55:41-0300,vybestack/llxprt-code,local,Z.ai,older top-tier annual (user-supplied),GLM-5.2,config-snapshot interval inference,success,none,13,6,0,no/unknown,$TMPDIR/ocr_review_clean.log,8488fb8f119b327a205dc7447209acfa47eedf8e940b5f5fe82bc398f5af8b1d,$HOME/.opencodereview/sessions/Users-acoliver-projects-llxprt-branch-1-llxprt-code/58e9093b-d027-4550-bac0-4ce83f4a1d2b.jsonl,Canonicalized by execution-output signature; companion JSON folded into this event.
R081,2026-07-12T18:13:58-0300,vybestack/llxprt-jefe,local,Z.ai,older top-tier annual (user-supplied),GLM-5.2,config-snapshot interval inference,success,none,0,0,0,no/unknown,$TMPDIR/ocr_review_issue175.log,62f8f6d58bafea67d1941548a0875553a0d65da6d2b248db39da3f80d23644a8,$HOME/.opencodereview/sessions/Volumes-XS1000-acoliver-projects-jefe-branch-4/6ec20772-6570-4c9d-881c-da26d54c2911.jsonl,Canonicalized by execution-output signature; companion JSON folded into this event.
R082,2026-07-12T18:39:15-0300,vybestack/llxprt-jefe,local,Z.ai,older top-tier annual (user-supplied),GLM-5.2,config-snapshot interval inference,success,none,30,21,0,no/unknown,$TMPDIR/ocr_review_188.log,8b3d2fce49e8fc89b985c9c0670a172b11d36204177d5cb276b918949c9495a0,$HOME/.opencodereview/sessions/Volumes-XS1000-acoliver-projects-jefe-branch-3/e622db28-d0d7-430b-8864-d1667dabbdc6.jsonl,Canonicalized by execution-output signature; companion JSON folded into this event.
R083,2026-07-12T19:34:50-0300,vybestack/llxprt-code,local,Z.ai,older top-tier annual (user-supplied),GLM-5.2,config-snapshot interval inference,failure,authentication/config failure,,,0,no/unknown,$TMPDIR/ocr_chunk1.log,879bcbc7b09181cf28c23be7f63104c4675f091a9a429ffd7149645090afaf20,$HOME/.opencodereview/sessions/Users-acoliver-projects-llxprt-branch-5-llxprt-code/b414cfda-c609-471e-ac37-902d62a37f25.jsonl,Canonicalized by execution-output signature; companion JSON folded into this event.
R084,2026-07-12T20:00:19-0300,vybestack/llxprt-code,local,StepFun,Pro (user-supplied; date inferred from key snapshot),Step-3.7-Flash,explicit log/path marker,success,none,,,0,no/unknown,$TMPDIR/ocr_chunk1_stepfun.log,0d5a9a8a4d111858d2723f67d2d45b86cf08cbe487e32fa958432f14b993180f,$HOME/.opencodereview/sessions/Users-acoliver-projects-llxprt-branch-5-llxprt-code/252cee97-bdeb-4dda-9edf-c41e36e17d03.jsonl,Canonicalized by execution-output signature; companion JSON folded into this event.
R085,2026-07-12T20:12:17-0300,vybestack/llxprt-code,local,StepFun,Pro (user-supplied; date inferred from key snapshot),Step-3.7-Flash,config-snapshot interval inference,success,none,,,0,yes,$TMPDIR/ocr_chunk1_fix.log,04755e4536177bf9ead2ac37f8bdfd03f623066c00c1791a1151746a4f369464,$HOME/.opencodereview/sessions/Users-acoliver-projects-llxprt-branch-5-llxprt-code/a690eb33-2ead-4bbf-9b9e-f17f0864ac99.jsonl,Canonicalized by execution-output signature; companion JSON folded into this event.
R086,2026-07-12T20:16:47-0300,vybestack/llxprt-code,local,StepFun,Pro (user-supplied; date inferred from key snapshot),Step-3.7-Flash,config-snapshot interval inference,success,none,,,0,yes,$TMPDIR/ocr_review_followup.log,b02b88277f5149a5eec9f57cc61f38072536e171434b07ddfc21a89a4d9053fc,$HOME/.opencodereview/sessions/Volumes-XS1000-acoliver-projects-llxprt-branch-9-llxprt-code/0915256a-d014-41f2-a9bf-6e6fccc65ac7.jsonl,Canonicalized by execution-output signature; companion JSON folded into this event.
R087,2026-07-12T20:18:55-0300,vybestack/llxprt-code,local,StepFun,Pro (user-supplied; date inferred from key snapshot),Step-3.7-Flash,config-snapshot interval inference,success,none,,,0,yes,$TMPDIR/ocr_chunk1_fix2.log,80d1c9728b99bc504b9d14676e01cbf7cbc709fb5126b275d06f840c8d52ef9d,$HOME/.opencodereview/sessions/Users-acoliver-projects-llxprt-branch-5-llxprt-code/e074e3c7-ac3e-4ce9-a3eb-a5be3e9e09ed.jsonl,Canonicalized by execution-output signature; companion JSON folded into this event.
R088,2026-07-12T20:19:06-0300,vybestack/llxprt-code,local,StepFun,Pro (user-supplied; date inferred from key snapshot),Step-3.7-Flash,config-snapshot interval inference,success,none,,,0,yes,$TMPDIR/ocr_review_followup_final.log,1f03bd0385d82f0bb5db588cc4ac4270567c565ce448afa4c9e09be9eb3913c2,$HOME/.opencodereview/sessions/Volumes-XS1000-acoliver-projects-llxprt-branch-9-llxprt-code/48e6ff76-e001-4163-9901-ca0e772d2880.jsonl,Canonicalized by execution-output signature; companion JSON folded into this event.
R089,2026-07-12T20:25:01-0300,vybestack/llxprt-code,local,StepFun,Pro (user-supplied; date inferred from key snapshot),Step-3.7-Flash,config-snapshot interval inference,failure,authentication/config failure,,,0,yes,$TMPDIR/ocr_2484_final.log,db697a96eb3e1ab1e24b26da9a277718c79c2294064f3a6a0cc3af2fde004fcc,$HOME/.opencodereview/sessions/Users-acoliver-projects-llxprt-branch-5-llxprt-code/7fc722d9-c4c1-4065-b17e-6a35abccfd02.jsonl,Canonicalized by execution-output signature; companion JSON folded into this event.
R090,2026-07-12T20:37:46-0300,vybestack/llxprt-code,local,Z.ai,older top-tier annual (user-supplied),GLM-5.2,explicit log/path marker,partial,partial/subtask failure,,,1134,no/unknown,$TMPDIR/ocr_2484.log,924d28b005408ca31bc855ee5cc8e9a0efdb204791e7278413f9eac7addb3d22,$HOME/.opencodereview/sessions/Users-acoliver-projects-llxprt-branch-5-llxprt-code/264df20b-5ba5-483d-be25-1fd36386c69e.jsonl,Completed with partial output; subtask failure cause: HTTP 429/rate limit.
R091,2026-07-12T20:41:06-0300,vybestack/llxprt-luther,local,StepFun,Pro (user-supplied; date inferred from key snapshot),Step-3.7-Flash,config-snapshot interval inference,failure,authentication/config failure,,,0,no/unknown,$TMPDIR/ocr_issue132.log,54cd7f1a711169d632715cc1f8d5d267f9e7df429e45a70f3ea5c01d73c08478,$HOME/.opencodereview/sessions/private-tmp-luther-issue-132/787a976b-a900-46b0-8d13-47a73e84498c.jsonl,Canonicalized by execution-output signature; companion JSON folded into this event.
R092,2026-07-12T20:54:25-0300,vybestack/llxprt-code,local,StepFun,Pro (user-supplied; date inferred from key snapshot),Step-3.7-Flash,config-snapshot interval inference,success,none,,,0,no/unknown,$TMPDIR/ocr_chunk2.log,94de6fafd916322e27e3fd03dc4e2930d316607ef795b2f511ef0da2de6fcd5e,$HOME/.opencodereview/sessions/Users-acoliver-projects-llxprt-branch-5-llxprt-code/a8703e3d-d05e-4157-83d3-b06d2e9f4e8d.jsonl,Canonicalized by execution-output signature; companion JSON folded into this event.
R093,2026-07-12T21:10:31-0300,unknown,local,Z.ai,older top-tier annual (user-supplied),GLM-5.2,explicit log/path marker,partial,partial/subtask failure,74,26,28,no/unknown,$TMPDIR/ocr_chunk2a.log,41596226836c280f1e48963221f7e26dfcbb5bde3a01b7375f0f0adbf311f654,,Completed with partial output; subtask failure cause: HTTP 429/rate limit.
R094,2026-07-12T21:12:42-0300,unknown,local,Z.ai,older top-tier annual (user-supplied),GLM-5.2,explicit log/path marker,partial,partial/subtask failure,9,5,2,no/unknown,$TMPDIR/ocr_policy.log,3610f6b34f3e48bd998db0165f4ec4673812662f5c4134de248c75f398966575,,Completed with partial output; subtask failure cause: HTTP 429/rate limit.
R095,2026-07-12T21:38:01-0300,vybestack/llxprt-code,local,StepFun,Pro (user-supplied; date inferred from key snapshot),Step-3.7-Flash,config-snapshot interval inference,success,none,,,0,no/unknown,$TMPDIR/ocr_tools.log,5419cf285d5fcd5e119acdabc41eb598345584e951b8939b7383973b9cc8d709,$HOME/.opencodereview/sessions/Users-acoliver-projects-llxprt-branch-5-llxprt-code/072bdada-9aad-46c8-81ec-e1db43ea5025.jsonl,Canonicalized by execution-output signature; companion JSON folded into this event.
R096,2026-07-12T21:53:07-0300,vybestack/llxprt-code,local,StepFun,Pro (user-supplied; date inferred from key snapshot),Step-3.7-Flash,config-snapshot interval inference,success,none,,,0,no/unknown,$TMPDIR/ocr_a2a.log,2907d2b580963ed1e19f3862fd407021665dbcbfe0ab512ace3be86d78c10e2c,$HOME/.opencodereview/sessions/Users-acoliver-projects-llxprt-branch-5-llxprt-code/86353982-c773-4e98-96f8-ed7f00b76378.jsonl,Canonicalized by execution-output signature; companion JSON folded into this event.
R097,2026-07-12T22:04:12-0300,vybestack/llxprt-code,local,StepFun,Pro (user-supplied; date inferred from key snapshot),Step-3.7-Flash,config-snapshot interval inference,success,none,,,0,yes,$TMPDIR/ocr_a2a_fix.log,0e1fedc0b7c1cf88b8939575cd4142d5a3c3226244eac4995910870de22cf515,$HOME/.opencodereview/sessions/Users-acoliver-projects-llxprt-branch-5-llxprt-code/51d83bd7-9e07-4b34-a882-eec1ae7ebc41.jsonl,Canonicalized by execution-output signature; companion JSON folded into this event.
R098,2026-07-12T23:48:43-0300,vybestack/llxprt-code,local,Z.ai,older top-tier annual (user-supplied),GLM-5.2,explicit log/path marker,partial,partial/subtask failure,45,0,40,no/unknown,$TMPDIR/ocr_review_issue2296.log,47e5298df72eb3ed2a53da4a809f5f943224624200f604066de7b712b0863659,,Completed with partial output; subtask failure cause: HTTP 529/provider overload.
R099,2026-07-13T00:05:53-0300,vybestack/llxprt-code,local,Z.ai,older top-tier annual (user-supplied),GLM-5.2,explicit log/path marker,partial,partial/subtask failure,45,1,41,no/unknown,$TMPDIR/ocr_issue2296_review.json,6840ade13b60970296faf2e9a37ed736b51eb761f437d3554c65abd0f7054405,,Completed with partial output; subtask failure cause: HTTP 529/provider overload.
R100,2026-07-13T00:42:52-0300,vybestack/llxprt-code,local,StepFun,Pro (user-supplied; date inferred from key snapshot),Step-3.7-Flash,config-snapshot interval inference,success,none,3,0,0,no/unknown,$TMPDIR/ocr_review_last.log,d7442b7a3851d235b06e08788c9a213b14bbd034cec0dc80802c8b26f0b036e3,$HOME/.opencodereview/sessions/Users-acoliver-projects-llxprt-branch-1-llxprt-code/56910db2-1a5e-444c-99da-501228517a3d.jsonl,Canonicalized by execution-output signature; companion JSON folded into this event.
R101,2026-07-13T13:42:40-0300,vybestack/llxprt-jefe,local,Z.ai,older top-tier annual (user-supplied),GLM-5.2,explicit log/path marker,partial,partial/subtask failure,,,4,no/unknown,$TMPDIR/ocr_issue269.log,64768bee3a10f0b54a5ac0e662aa986cc05a64c41f5ad679b8f491d31d4df9e8,$HOME/.opencodereview/sessions/Volumes-XS1000-acoliver-projects-jefe-branch-5/4bac03fd-5089-4c42-8163-9c27586f6d4a.jsonl,Completed with partial output; subtask failure cause: HTTP 429/rate limit.
R102,2026-07-13T16:06:58-0300,vybestack/llxprt-code,local,StepFun,Pro (user-supplied; date inferred from key snapshot),Step-3.7-Flash,explicit log/path marker,partial,partial/subtask failure,,,59,yes,$TMPDIR/ocr_review_rerun.log;$TMPDIR/ocr_review_rerun.json,c8012b3914c1f5b5163495d367bf9e9814dac2760a5189ec4eb05f415ac4a78b;29c7681f5467bc5ebdc977fa924d038ea5c1867a2dd0b9dfd6d6bfcad62ca874,$HOME/.opencodereview/sessions/Users-acoliver-projects-llxprt-branch-8-llxprt-code/0738e2dd-a41d-4815-885c-c0c3cfb7ad49.jsonl,Completed with partial output; subtask failure cause: HTTP 429/rate limit.
R103,2026-07-13T16:32:37-0300,vybestack/llxprt-code,local,StepFun,Pro (user-supplied; date inferred from key snapshot),Step-3.7-Flash,explicit log/path marker,partial,partial/subtask failure,12,11,1,no/unknown,$TMPDIR/ocr_review_2544.log,c377ad7695bd130ba4715dced54bb45eb60ecf53a4d39b109bfbc23c1bde06fe,,Completed with partial output; subtask failure cause: HTTP 429/rate limit.
R104,2026-07-13T16:37:20-0300,vybestack/llxprt-luther,local,Z.ai,older top-tier annual (user-supplied),GLM-5.2,config-snapshot interval inference,success,none,11,9,0,no/unknown,$TMPDIR/ocr_issue135.log,c89dc852ac8f84817ad392419f34b55d7e05d16392cccf7a837cdb32ce725804,$HOME/.opencodereview/sessions/private-tmp-luther-workspaces-llxprt-luther-issue-135-run-28c38f18-9872-4530-bf0d-70728dbb51bf/0a286e58-e13f-4142-8c9b-d098ab4aa543.jsonl,Canonicalized by execution-output signature; companion JSON folded into this event.
R105,2026-07-13T17:00:38-0300,vybestack/llxprt-jefe,local,StepFun,Pro (user-supplied; date inferred from key snapshot),Step-3.7-Flash,explicit log/path marker,partial,partial/subtask failure,36,4,22,yes,$TMPDIR/ocr_issue266_final.log,c1679b0c01c25455ac7eee611df8f3084b66bc051b7323f0cbe68fc5471bab76,,Completed with partial output; subtask failure cause: HTTP 429/rate limit.
R106,2026-07-13T17:10:07-0300,vybestack/llxprt-code,local,StepFun,Pro (user-supplied; date inferred from key snapshot),Step-3.7-Flash,explicit log/path marker,partial,partial/subtask failure,12,1,6,no/unknown,$TMPDIR/ocr_issue2544.json,987f35f0e2e4b4e7e7510625b98c1515d03f2d5f899805e31a6a3b2a5afae0d2,,Completed with partial output; subtask failure cause: HTTP 429/rate limit.
R107,2026-07-13T17:15:25-0300,vybestack/llxprt-code,local,StepFun,Pro (user-supplied; date inferred from key snapshot),Step-3.7-Flash,explicit log/path marker,partial,partial/subtask failure,12,3,5,yes,$TMPDIR/ocr_issue2544_retry.json,da82b7409013858508df3b30636ef0d27618e75d5b5dae9814589f87cbef5d3c,,Completed with partial output; subtask failure cause: HTTP 429/rate limit.
R108,2026-07-13T17:16:15-0300,vybestack/llxprt-code,local,StepFun,Pro (user-supplied; date inferred from key snapshot),Step-3.7-Flash,explicit log/path marker,partial,partial/subtask failure,,,14,yes,$TMPDIR/ocr_review_rerun2.log;$TMPDIR/ocr_review_rerun2.json,4648fc375dface45df72f8da4d88fd78bf6adc5c619be13bd522684377297a97;230d7a72c1917e65c1dc5cbf0b6e8567954ec7fea1fe7b01ad3f120e81e13153,$HOME/.opencodereview/sessions/Users-acoliver-projects-llxprt-branch-8-llxprt-code/9f9f20d8-0452-4f01-8e1c-22f454b1c8ff.jsonl,Completed with partial output; subtask failure cause: HTTP 429/rate limit.
R109,2026-07-13T18:37:44-0300,vybestack/llxprt-jefe,local,Z.ai,older top-tier annual (user-supplied),GLM-5.2,config-snapshot interval inference,success,none,2,0,0,no/unknown,$TMPDIR/ocr_issue283.log,6f316893d07cc51fb69708db0094dfddb3b92a0e9d0d8353a8407e75b2ca024a,$HOME/.opencodereview/sessions/Volumes-XS1000-acoliver-projects-jefe-branch-3/24a7273d-f536-4910-adf1-59b6f4e3da67.jsonl,Canonicalized by execution-output signature; companion JSON folded into this event.
R110,2026-07-13T18:39:52-0300,vybestack/llxprt-code,local,StepFun,Pro (user-supplied; date inferred from key snapshot),Step-3.7-Flash,explicit log/path marker,partial,partial/subtask failure,,,14,no/unknown,$TMPDIR/ocr_merge_updated.log,eb98295dd7603673e71ed4ba83b1b52aa58b0566ee2f02f2c1b40c373fccc2f2,$HOME/.opencodereview/sessions/Users-acoliver-projects-llxprt-branch-5-llxprt-code/fa11bf50-825e-453c-8b73-aea98f391210.jsonl,Completed with partial output; subtask failure cause: HTTP 429/rate limit.
R111,2026-07-13T19:04:38-0300,vybestack/llxprt-jefe,local,Z.ai,older top-tier annual (user-supplied),GLM-5.2,config-snapshot interval inference,success,none,2,0,0,no/unknown,$TMPDIR/ocr_issue283_remediation.log,23e4f3471d2efd88e3ac0cc5b3c2fd6071db9008c9fceaf9f6ccd570e9a03c8f,$HOME/.opencodereview/sessions/Volumes-XS1000-acoliver-projects-jefe-branch-3/1e24ee5b-135e-4ff4-ac0d-49033318c328.jsonl,Canonicalized by execution-output signature; companion JSON folded into this event.
R112,2026-07-13T20:53:00-0300,vybestack/llxprt-luther,local,Z.ai,older top-tier annual (user-supplied),GLM-5.2,config-snapshot interval inference,success,none,14,0,0,yes,$TMPDIR/ocr_issue135_final.log,666aaee445bf711b27976ee5be2e2770f994f94a359a23e4bd82952415c9593c,$HOME/.opencodereview/sessions/Users-acoliver-projects-luther/db9b9c5e-b420-4ff0-8290-7bca587edb3d.jsonl,Canonicalized by execution-output signature; companion JSON folded into this event.
R113,2026-07-13T21:21:07-0300,vybestack/llxprt-code,local,Z.ai,older top-tier annual (user-supplied),GLM-5.2,config-snapshot interval inference,success,none,6,3,0,no/unknown,$TMPDIR/ocr_pr2529_review.log,f8d7c1fb29af02cd317531b6255035eb72c71095006e91fad9077e5ec0fe9d53,$HOME/.opencodereview/sessions/Users-acoliver-projects-llxprt-branch-1-llxprt-code/d3117b59-5ed6-44ea-a4a2-8b1d99073386.jsonl,Canonicalized by execution-output signature; companion JSON folded into this event.
R114,2026-07-13T21:51:01-0300,vybestack/llxprt-code,local,StepFun,Pro (user-supplied; date inferred from key snapshot),Step-3.7-Flash,config-snapshot interval inference,success,none,6,0,0,yes,$TMPDIR/ocr_pr2529_rerun.log,dbd85b5720b3381f41b171d9866b660e46a55a5ec32b5dff411fd00668feccee,$HOME/.opencodereview/sessions/Users-acoliver-projects-llxprt-branch-1-llxprt-code/4f27d0a3-2c06-42e5-bd3c-bfc67831ff29.jsonl,Canonicalized by execution-output signature; companion JSON folded into this event.
R115,2026-07-13T21:56:19-0300,vybestack/llxprt-code,local,StepFun,Pro (user-supplied; date inferred from key snapshot),Step-3.7-Flash,config-snapshot interval inference,success,none,6,2,0,yes,$TMPDIR/ocr_pr2529_final.log,4a1a2274ae9a121c76c21962614b4b1ede087576794d0d8c217fe13008b5ec84,$HOME/.opencodereview/sessions/Users-acoliver-projects-llxprt-branch-1-llxprt-code/97bb2ab2-0d1a-47a8-86c3-d91286215f4c.jsonl,Canonicalized by execution-output signature; companion JSON folded into this event.
R116,2026-07-13T21:58:06-0300,vybestack/llxprt-jefe,local,StepFun,Pro (user-supplied; date inferred from key snapshot),Step-3.7-Flash,config-snapshot interval inference,success,none,,,0,no/unknown,$TMPDIR/jefe-staged-review-269/.jefe/ocr_review.log,214aeb10d49981ee8ebd85327615beebf4c57b770c71fa5a04caaf79a373ebda,$HOME/.opencodereview/sessions/Users-acoliver-projects-llxprt-branch-1-llxprt-code/97bb2ab2-0d1a-47a8-86c3-d91286215f4c.jsonl,Canonicalized by execution-output signature; companion JSON folded into this event.
R117,2026-07-13T22:04:28-0300,vybestack/llxprt-code,local,Z.ai,older top-tier annual (user-supplied),GLM-5.2,explicit log/path marker,partial,partial/subtask failure,,,2,yes,$TMPDIR/ocr_zai_final.log,5484f23b671ecea19c6d94a4b3481eebc7144ec1453188ab53ba13f284f521ef,$HOME/.opencodereview/sessions/Users-acoliver-projects-llxprt-branch-5-llxprt-code/5e097d3d-102e-416f-ad02-a0616c543e94.jsonl,Completed with partial output; subtask failure cause: HTTP 429/rate limit.
R118,2026-07-13T22:14:42-0300,vybestack/llxprt-code,local,Z.ai,older top-tier annual (user-supplied),GLM-5.2,explicit log/path marker,success,none,,,0,no/unknown,$TMPDIR/ocr_zai_glm.log,456fbe11d20140fa62e87f84bdfdfc5b2613fa5ccb77454de29b8b77d8f17df5,$HOME/.opencodereview/sessions/Users-acoliver-projects-llxprt-branch-5-llxprt-code/500dc34f-fc7c-4043-9b18-df16906b825c.jsonl,Canonicalized by execution-output signature; companion JSON folded into this event.
R119,2026-07-13T22:24:37-0300,vybestack/llxprt-code,local,StepFun,Pro (user-supplied; date inferred from key snapshot),Step-3.7-Flash,explicit log/path marker,partial,partial/subtask failure,,,16,yes,$TMPDIR/ocr_final.log,89f2dea57bdc5a10ecd5a229fdba4b98e01cae740bf8c90466c553d7f65b2082,$HOME/.opencodereview/sessions/Users-acoliver-projects-llxprt-branch-5-llxprt-code/b76d72c5-4f7b-4e8d-9a25-dbee349062f7.jsonl,Completed with partial output; subtask failure cause: HTTP 429/rate limit.
R120,2026-07-13T22:42:45-0300,vybestack/llxprt-luther,local,StepFun,Pro (user-supplied; date inferred from key snapshot),Step-3.7-Flash,config-snapshot interval inference,success,none,12,12,0,yes,$TMPDIR/ocr_issue135_final2.log,7a14cf4593c7f94bc184baf42084f5c598932e8cf8dd7e7a4e7c5e51bc500dda,$HOME/.opencodereview/sessions/Users-acoliver-projects-luther/59f63f8c-29d9-4be8-8c45-5879d2a52178.jsonl,Canonicalized by execution-output signature; companion JSON folded into this event.
R121,2026-07-14T02:04:21-0300,vybestack/llxprt-jefe,local,StepFun,Pro (user-supplied; date inferred from key snapshot),Step-3.7-Flash,config-snapshot interval inference,success,none,0,0,0,no/unknown,$TMPDIR/ocr_review_205.log,62f8f6d58bafea67d1941548a0875553a0d65da6d2b248db39da3f80d23644a8,$HOME/.opencodereview/sessions/Volumes-XS1000-acoliver-projects-jefe-branch-3/dea6045c-68f9-40ba-b02b-d805a2cfead2.jsonl,Canonicalized by execution-output signature; companion JSON folded into this event.
R122,2026-07-14T02:09:41-0300,vybestack/llxprt-jefe,local,StepFun,Pro (user-supplied; date inferred from key snapshot),Step-3.7-Flash,config-snapshot interval inference,success,none,45,1,0,no/unknown,$TMPDIR/ocr_review_205b.log,77615477862decb644e7364d4c27de62962942f82260ec0f319f60f510d354b2,$HOME/.opencodereview/sessions/Volumes-XS1000-acoliver-projects-jefe-branch-3/d9652dbe-d5e1-499a-93ed-0081b45d6b1b.jsonl,Canonicalized by execution-output signature; companion JSON folded into this event.
R123,2026-07-14T03:53:30-0300,vybestack/llxprt-jefe,local,StepFun,Pro (user-supplied; date inferred from key snapshot),Step-3.7-Flash,config-snapshot interval inference,success,none,0,0,0,no/unknown,$TMPDIR/ocr_review_294.log,62f8f6d58bafea67d1941548a0875553a0d65da6d2b248db39da3f80d23644a8,$HOME/.opencodereview/sessions/Volumes-XS1000-acoliver-projects-jefe-branch-4/3c2c9d20-2c54-4f7b-bad1-227f6a573d5b.jsonl,Canonicalized by execution-output signature; companion JSON folded into this event.
R124,2026-07-14T03:55:23-0300,vybestack/llxprt-jefe,local,StepFun,Pro (user-supplied; date inferred from key snapshot),Step-3.7-Flash,config-snapshot interval inference,success,none,0,0,0,no/unknown,$TMPDIR/ocr_review_294_files.log,62f8f6d58bafea67d1941548a0875553a0d65da6d2b248db39da3f80d23644a8,$HOME/.opencodereview/sessions/Volumes-XS1000-acoliver-projects-jefe-branch-4/157e08de-ed24-4ea8-80ed-b6396a4c32f7.jsonl,Canonicalized by execution-output signature; companion JSON folded into this event.
R125,2026-07-14T04:03:43-0300,vybestack/llxprt-jefe,local,StepFun,Pro (user-supplied; date inferred from key snapshot),Step-3.7-Flash,config-snapshot interval inference,success,none,51,10,0,no/unknown,$TMPDIR/ocr_review_294_full.log,e83eee3d6cfe853e4dae9f0bddf8223903178fbb5c92bb757ada7a7f13a56a78,$HOME/.opencodereview/sessions/Volumes-XS1000-acoliver-projects-jefe-branch-4/ddf8b7e3-8fdc-4841-86f6-7a71a446b5af.jsonl,Canonicalized by execution-output signature; companion JSON folded into this event.
R126,2026-07-14T04:28:05-0300,vybestack/llxprt-jefe,local,StepFun,Pro (user-supplied; date inferred from key snapshot),Step-3.7-Flash,explicit log/path marker,partial,partial/subtask failure,,,56,yes,$TMPDIR/ocr_review_final.log;$TMPDIR/ocr_review_final.json,c79e7d975f273af60906dc147a80da7c22958162a7efe40b0e3565310a80eace;a04a6f1e2d74861a3506c2e2e39adbe87ee6e0ec8f988d87eaf58072816f4370,$HOME/.opencodereview/sessions/Volumes-XS1000-acoliver-projects-jefe-branch-1/b8e16620-e1b2-498a-874b-47b5cd20351c.jsonl,Completed with partial output; subtask failure cause: HTTP 529/provider overload.
R127,2026-07-14T04:31:35-0300,vybestack/llxprt-jefe,local,StepFun,Pro (user-supplied; date inferred from key snapshot),Step-3.7-Flash,config-snapshot interval inference,success,none,52,0,0,yes,$TMPDIR/ocr_review_294_final.log,7463f930dd1b7c96b9d8d94b93ccd0f158c9996f399631f4deff5fcea1b6f3b0,$HOME/.opencodereview/sessions/Volumes-XS1000-acoliver-projects-jefe-branch-4/c6cb527e-b14c-4037-8018-f33125835d08.jsonl,Canonicalized by execution-output signature; companion JSON folded into this event.
R128,2026-07-14T04:49:15-0300,vybestack/llxprt-jefe,local,Z.ai,older top-tier annual (user-supplied),GLM-5.2,explicit log/path marker,partial,partial/subtask failure,126,10,110,no/unknown,$TMPDIR/ocr_issue269_review.log,9fe626b0801a7ee17e86f1c787e7a58aabd78ba90733617f81ba5de76943a09b,,Completed with partial output; subtask failure cause: HTTP 529/provider overload.
R129,2026-07-14T05:06:54-0300,vybestack/llxprt-luther,local,StepFun,Max (user-supplied; date inferred from key snapshot),Step-3.7-Flash,explicit log/path marker,success,none,,,0,no/unknown,$TMPDIR/ocr_issue135_stepfun.log,3d111f20595a5c8467713d97a91ac17a39db2c5a53fefba6f09c61dc9b13ac4e,$HOME/.opencodereview/sessions/Users-acoliver-projects-luther/c61ffca8-db8f-428f-9a28-8d4347d6e54d.jsonl,Canonicalized by execution-output signature; companion JSON folded into this event.
R130,2026-07-14T05:09:24-0300,vybestack/llxprt-jefe,local,StepFun,Max (user-supplied; date inferred from key snapshot),Step-3.7-Flash,explicit log/path marker,success,none,52,19,0,no/unknown,$TMPDIR/ocr_review_294_stepfun.log,740d11f5e0e88764210ba5c2a07269fb19905901f57e1cfdd44891243c728ecc,$HOME/.opencodereview/sessions/Volumes-XS1000-acoliver-projects-jefe-branch-4/710fe6e3-84bf-4c8a-ab17-5ed9d2bce943.jsonl,Canonicalized by execution-output signature; companion JSON folded into this event.
R131,2026-07-14T05:33:04-0300,vybestack/llxprt-jefe,local,Z.ai,older top-tier annual (user-supplied),GLM-5.2,explicit log/path marker,partial,partial/subtask failure,,,32,yes,$TMPDIR/ocr_review_final_retry.log,6a239cae6789cd8d6a1e57dc908be020056506e1febb1e0a08f7cdac3a90a61f,$HOME/.opencodereview/sessions/Volumes-XS1000-acoliver-projects-jefe-branch-1/04483ecb-3720-4121-abb2-2f35b40ca105.jsonl,Completed with partial output; subtask failure cause: HTTP 529/provider overload.
R132,2026-07-14T05:35:09-0300,vybestack/llxprt-jefe,local,StepFun,Max (user-supplied; date inferred from key snapshot),Step-3.7-Flash,config-snapshot interval inference,success,none,,,0,no/unknown,$TMPDIR/ocr_issue194.log,da0492ddfd9e79094ba7069f7006aef0563516b3b5b8de60d0022b910b93ef3e,$HOME/.opencodereview/sessions/Volumes-XS1000-acoliver-projects-jefe-branch-7/7db8b25f-0591-4879-b1df-93c514b74497.jsonl,Canonicalized by execution-output signature; companion JSON folded into this event.
R133,2026-07-14T05:38:51-0300,vybestack/llxprt-code,local,Z.ai,older top-tier annual (user-supplied),GLM-5.2,explicit log/path marker,partial,partial/subtask failure,,,18,yes,$TMPDIR/ocr_review_retry.log,717a22dfe86d0082a20d5b2865a8f7915721d3c582e61d515d6857e7e88c5267,$HOME/.opencodereview/sessions/Volumes-XS1000-acoliver-projects-llxprt-branch-9-llxprt-code/702315b4-9249-4e97-b3a8-958d69f908ea.jsonl,Completed with partial output; subtask failure cause: HTTP 529/provider overload.
R134,2026-07-14T06:45:22-0300,vybestack/llxprt-jefe,local,StepFun,Max (user-supplied; date inferred from key snapshot),Step-3.7-Flash,config-snapshot interval inference,success,none,,,0,yes,$TMPDIR/ocr_issue194_final.log,1abf3084cd20bbe2160ecabea39be265ed6edf9cafe1e1564cff05aeada2a5d0,$HOME/.opencodereview/sessions/Volumes-XS1000-acoliver-projects-jefe-branch-7/ea181567-592a-4673-8670-045943f58e92.jsonl,Canonicalized by execution-output signature; companion JSON folded into this event.
R135,2026-07-14T11:11:51-0300,vybestack/llxprt-jefe,local,StepFun,Max (user-supplied; date inferred from key snapshot),Step-3.7-Flash,config-snapshot interval inference,success,none,,,0,no/unknown,$TMPDIR/jefe-issue241-staged-review-20260714/.jefe/ocr_review.log,39eff0419f2d80f83139d74bc5722dbc2d5414ec667fdf22587e7d20031cc8de,$HOME/.opencodereview/sessions/Volumes-XS1000-acoliver-projects-llxprt-branch-10-llxprt-code/a951da0b-d8bc-422a-9ac3-6cb8e1eaa1d0.jsonl,Canonicalized by execution-output signature; companion JSON folded into this event.
R136,2026-07-14T12:12:16-0300,vybestack/llxprt-jefe,local,StepFun,Max (user-supplied; date inferred from key snapshot),Step-3.7-Flash,config-snapshot interval inference,success,none,73,86,0,yes,$TMPDIR/ocr_final_review.log,8766a130b6f75fa3361f65dc060281d6f6cd49e841738a520c133da44a42b04f,$HOME/.opencodereview/sessions/Volumes-XS1000-acoliver-projects-jefe-branch-2/8f780479-67e7-4f62-8906-9101e7652210.jsonl,Canonicalized by execution-output signature; companion JSON folded into this event.
R137,2026-07-14T12:22:01-0300,vybestack/llxprt-jefe,local,StepFun,Max (user-supplied; date inferred from key snapshot),Step-3.7-Flash,explicit log/path marker,partial,partial/subtask failure,24,23,11,no/unknown,$TMPDIR/ocr_issue135_latest.log,e679790223230212a715e6d69ed4eda626961b47049a8f2f6ea14cd85ab2b17f,,Completed with partial output; subtask failure cause: HTTP 429/rate limit.
R138,2026-07-14T12:44:59-0300,vybestack/llxprt-jefe,local,StepFun,Max (user-supplied; date inferred from key snapshot),Step-3.7-Flash,explicit log/path marker,partial,partial/subtask failure,,,9,no/unknown,$TMPDIR/ocr_review_current.log,f511b1bab70201134afe3b7ecb4cf6e94b6c0ced4ddea159baafd65ae6a09b21,$HOME/.opencodereview/sessions/Volumes-XS1000-acoliver-projects-jefe-branch-1/4e592fed-78d6-412a-b7a0-7df08512005e.jsonl,Completed with partial output; subtask failure cause: HTTP 429/rate limit.
R139,2026-07-14T13:14:26-0300,vybestack/llxprt-code,local,Z.ai,older top-tier annual (user-supplied),GLM-5.2,explicit log/path marker,partial,partial/subtask failure,35,12,25,no/unknown,$TMPDIR/ocr_review3.log,80d55e16ce02902fb99f3a88eb21a7e95934151595744818a7e32b3e7a49d627,,Completed with partial output; subtask failure cause: HTTP 429/rate limit.
R140,2026-07-14T13:17:18-0300,vybestack/llxprt-code,local,Z.ai,older top-tier annual (user-supplied),GLM-5.2,explicit log/path marker,partial,partial/subtask failure,,,28,no/unknown,$TMPDIR/ocr_issue637.log,a382b783910f871cc774b86575b3d52bcaa7e296d809087aa50eebaf589846f6,$HOME/.opencodereview/sessions/Users-acoliver-projects-llxprt-branch-3-llxprt-code/a8adfa1e-ee68-471b-a399-b6f85e7c174a.jsonl,Completed with partial output; subtask failure cause: HTTP 429/rate limit.
R141,2026-07-14T14:16:51-0300,vybestack/llxprt-jefe,local,Z.ai,older top-tier annual (user-supplied),GLM-5.2,explicit log/path marker,partial,partial/subtask failure,,,7,no/unknown,$TMPDIR/ocr_review_latest.log,1c38c1fcc2a9636df8de1fb79cc6496ff7de35f807257938c979791cfa087dcf,$HOME/.opencodereview/sessions/Volumes-XS1000-acoliver-projects-jefe-branch-1/a128fe73-d2eb-4ea6-a074-9f508c8aed12.jsonl,Completed with partial output; subtask failure cause: HTTP 429/rate limit.
R142,2026-07-14T14:34:18-0300,vybestack/llxprt-jefe,local,Z.ai,older top-tier annual (user-supplied),GLM-5.2,config-snapshot interval inference,success,none,103,115,0,yes,$TMPDIR/ocr_issue241_final.log,15de85e3ed5f71f3a9b7f534e49c9d65233328c9304ce885f6bc27def845e375,$HOME/.opencodereview/sessions/Volumes-XS1000-acoliver-projects-jefe-branch-2/ecf58493-728d-4398-9ef5-887b7f32ac09.jsonl,Canonicalized by execution-output signature; companion JSON folded into this event.
R143,2026-07-14T14:58:37-0300,vybestack/llxprt-code,local,Z.ai,older top-tier annual (user-supplied),GLM-5.2,config-snapshot interval inference,success,none,,,0,no/unknown,$TMPDIR/ocr_review4.log,c0ae5cc19c064caca6021f8cc3b0a83608a6c9e2fd58d61d6a2490c8a4958898,$HOME/.opencodereview/sessions/Users-acoliver-projects-llxprt-branch-2-llxprt-code/b7c7a0c8-6705-4bea-b877-880998e08aa2.jsonl,Canonicalized by execution-output signature; companion JSON folded into this event.
R144,2026-07-14T15:13:42-0300,vybestack/llxprt-code,local,Z.ai,older top-tier annual (user-supplied),GLM-5.2,config-snapshot interval inference,success,none,77,44,0,no/unknown,$TMPDIR/ocr_review.log,cd9e4dbc6e0536e310639147b0bb56cc2b5833a823bc4e9d624e07f249a38c00,$HOME/.opencodereview/sessions/Users-acoliver-projects-llxprt-branch-1-llxprt-code/f5f578dc-47d2-4a48-b899-5b5e31dc4c30.jsonl,Canonicalized by execution-output signature; companion JSON folded into this event.
R145,2026-07-14T16:09:15-0300,vybestack/llxprt-code,local,Z.ai,older top-tier annual (user-supplied),GLM-5.2,config-snapshot interval inference,success,none,77,30,0,no/unknown,$TMPDIR/ocr_review2.log,13af3848698191198507f0e89bcddf3489473dbc279980caf693983235a5a0ef,$HOME/.opencodereview/sessions/Users-acoliver-projects-llxprt-branch-1-llxprt-code/04c77009-8631-4a03-85ed-fd08ca1a855a.jsonl,Canonicalized by execution-output signature; companion JSON folded into this event.
