event_id,repository,pr_number,comment_url,created_at,updated_at,explicit_signal,blocked_iteration,completed_review_same_pr,retrieved_on
RLE001,llxprt-code,1979,https://github.com/vybestack/llxprt-code/pull/1979#issuecomment-4663789403,2026-06-09T20:36:11Z,2026-06-09T23:33:36Z,could_not_start,yes,yes,2026-07-14
RLE002,llxprt-code,1982,https://github.com/vybestack/llxprt-code/pull/1982#issuecomment-4672678485,2026-06-10T17:25:57Z,2026-06-10T20:53:38Z,could_not_start,yes,yes,2026-07-14
RLE003,llxprt-luther,32,https://github.com/vybestack/llxprt-luther/pull/32#issuecomment-4673143768,2026-06-10T18:21:09Z,2026-06-10T18:21:09Z,could_not_start,yes,no,2026-07-14
RLE004,llxprt-luther,33,https://github.com/vybestack/llxprt-luther/pull/33#issuecomment-4674850382,2026-06-10T21:43:47Z,2026-06-10T22:11:47Z,could_not_start,yes,yes,2026-07-14
RLE005,llxprt-luther,34,https://github.com/vybestack/llxprt-luther/pull/34#issuecomment-4675527435,2026-06-10T23:07:21Z,2026-06-10T23:07:21Z,could_not_start,yes,no,2026-07-14
RLE006,llxprt-luther,35,https://github.com/vybestack/llxprt-luther/pull/35#issuecomment-4675737766,2026-06-10T23:39:46Z,2026-06-10T23:39:46Z,could_not_start,yes,no,2026-07-14
RLE007,llxprt-luther,36,https://github.com/vybestack/llxprt-luther/pull/36#issuecomment-4675946167,2026-06-11T00:18:34Z,2026-06-11T00:18:34Z,could_not_start,yes,no,2026-07-14
RLE008,llxprt-code,1994,https://github.com/vybestack/llxprt-code/pull/1994#issuecomment-4685227014,2026-06-11T21:24:57Z,2026-06-11T22:33:10Z,could_not_start,yes,yes,2026-07-14
RLE009,llxprt-code,1996,https://github.com/vybestack/llxprt-code/pull/1996#issuecomment-4685371765,2026-06-11T21:43:58Z,2026-06-11T21:55:00Z,could_not_start,yes,yes,2026-07-14
RLE010,llxprt-code,1998,https://github.com/vybestack/llxprt-code/pull/1998#issuecomment-4685667170,2026-06-11T22:33:15Z,2026-06-12T18:14:47Z,could_not_start,yes,yes,2026-07-14
RLE011,llxprt-luther,39,https://github.com/vybestack/llxprt-luther/pull/39#issuecomment-4686156513,2026-06-12T00:06:00Z,2026-06-12T00:31:55Z,could_not_start,yes,yes,2026-07-14
RLE012,llxprt-code,1999,https://github.com/vybestack/llxprt-code/pull/1999#issuecomment-4686430550,2026-06-12T01:07:35Z,2026-06-12T04:14:55Z,could_not_start,yes,yes,2026-07-14
RLE013,llxprt-luther,40,https://github.com/vybestack/llxprt-luther/pull/40#issuecomment-4686486824,2026-06-12T01:20:40Z,2026-06-12T01:20:40Z,could_not_start,yes,no,2026-07-14
RLE014,llxprt-luther,41,https://github.com/vybestack/llxprt-luther/pull/41#issuecomment-4686645961,2026-06-12T01:57:16Z,2026-06-12T01:57:16Z,could_not_start,yes,no,2026-07-14
RLE015,llxprt-luther,42,https://github.com/vybestack/llxprt-luther/pull/42#issuecomment-4686771601,2026-06-12T02:24:23Z,2026-06-12T02:24:23Z,could_not_start,yes,no,2026-07-14
RLE016,llxprt-luther,43,https://github.com/vybestack/llxprt-luther/pull/43#issuecomment-4686936138,2026-06-12T03:03:37Z,2026-06-12T03:03:37Z,could_not_start,yes,no,2026-07-14
RLE017,llxprt-luther,44,https://github.com/vybestack/llxprt-luther/pull/44#issuecomment-4687118288,2026-06-12T03:38:03Z,2026-06-12T04:05:02Z,could_not_start,yes,yes,2026-07-14
RLE018,llxprt-luther,45,https://github.com/vybestack/llxprt-luther/pull/45#issuecomment-4687503875,2026-06-12T04:35:01Z,2026-06-12T04:35:01Z,could_not_start,yes,no,2026-07-14
RLE019,llxprt-luther,46,https://github.com/vybestack/llxprt-luther/pull/46#issuecomment-4688217932,2026-06-12T06:52:33Z,2026-06-12T06:52:33Z,could_not_start,yes,no,2026-07-14
RLE020,llxprt-code,2004,https://github.com/vybestack/llxprt-code/pull/2004#issuecomment-4688623745,2026-06-12T07:30:43Z,2026-06-12T08:53:20Z,could_not_start,yes,no,2026-07-14
RLE021,llxprt-jefe,61,https://github.com/vybestack/llxprt-jefe/pull/61#issuecomment-4694060956,2026-06-12T18:20:04Z,2026-06-12T18:30:53Z,could_not_start,yes,no,2026-07-14
RLE022,llxprt-code,2007,https://github.com/vybestack/llxprt-code/pull/2007#issuecomment-4695472566,2026-06-12T21:07:23Z,2026-06-12T21:07:23Z,could_not_start,yes,no,2026-07-14
RLE023,llxprt-code,2043,https://github.com/vybestack/llxprt-code/pull/2043#issuecomment-4708770980,2026-06-15T14:07:50Z,2026-06-15T19:42:59Z,could_not_start,yes,yes,2026-07-14
RLE024,llxprt-code,2046,https://github.com/vybestack/llxprt-code/pull/2046#issuecomment-4709832502,2026-06-15T16:02:52Z,2026-06-15T18:56:14Z,could_not_start,yes,no,2026-07-14
RLE025,llxprt-luther,54,https://github.com/vybestack/llxprt-luther/pull/54#issuecomment-4710189942,2026-06-15T16:45:07Z,2026-06-15T16:45:07Z,could_not_start,yes,no,2026-07-14
RLE026,llxprt-luther,55,https://github.com/vybestack/llxprt-luther/pull/55#issuecomment-4710608731,2026-06-15T17:37:02Z,2026-06-15T17:37:02Z,could_not_start,yes,no,2026-07-14
RLE027,llxprt-luther,56,https://github.com/vybestack/llxprt-luther/pull/56#issuecomment-4711006037,2026-06-15T18:17:59Z,2026-06-15T18:46:14Z,could_not_start,yes,yes,2026-07-14
RLE028,llxprt-luther,58,https://github.com/vybestack/llxprt-luther/pull/58#issuecomment-4712501464,2026-06-15T21:14:20Z,2026-06-15T21:40:20Z,could_not_start,yes,yes,2026-07-14
RLE029,llxprt-luther,59,https://github.com/vybestack/llxprt-luther/pull/59#issuecomment-4712916973,2026-06-15T22:15:51Z,2026-06-15T22:35:02Z,could_not_start,yes,yes,2026-07-14
RLE030,llxprt-code,2101,https://github.com/vybestack/llxprt-code/pull/2101#issuecomment-4745752284,2026-06-18T20:10:47Z,2026-06-18T23:54:15Z,could_not_start,yes,yes,2026-07-14
RLE031,llxprt-jefe,77,https://github.com/vybestack/llxprt-jefe/pull/77#issuecomment-4746527217,2026-06-18T22:10:09Z,2026-06-18T22:15:04Z,could_not_start,yes,no,2026-07-14
RLE032,llxprt-jefe,84,https://github.com/vybestack/llxprt-jefe/pull/84#issuecomment-4783338767,2026-06-23T20:47:58Z,2026-06-23T21:12:26Z,could_not_start,yes,no,2026-07-14
RLE033,llxprt-code,2141,https://github.com/vybestack/llxprt-code/pull/2141#issuecomment-4783414483,2026-06-23T20:58:54Z,2026-06-23T21:11:45Z,could_not_start,yes,yes,2026-07-14
RLE034,llxprt-code,2142,https://github.com/vybestack/llxprt-code/pull/2142#issuecomment-4784207209,2026-06-23T23:01:23Z,2026-06-24T01:48:18Z,could_not_start,yes,yes,2026-07-14
RLE035,llxprt-jefe,85,https://github.com/vybestack/llxprt-jefe/pull/85#issuecomment-4784525452,2026-06-23T23:44:46Z,2026-06-23T23:52:41Z,could_not_start,yes,no,2026-07-14
RLE036,llxprt-jefe,86,https://github.com/vybestack/llxprt-jefe/pull/86#issuecomment-4785079178,2026-06-24T01:30:35Z,2026-06-24T01:30:35Z,could_not_start,yes,no,2026-07-14
RLE037,llxprt-luther,64,https://github.com/vybestack/llxprt-luther/pull/64#issuecomment-4785313920,2026-06-24T02:18:56Z,2026-06-24T02:18:56Z,could_not_start,yes,no,2026-07-14
RLE038,llxprt-jefe,88,https://github.com/vybestack/llxprt-jefe/pull/88#issuecomment-4786140594,2026-06-24T05:20:56Z,2026-06-24T05:30:49Z,could_not_start,yes,yes,2026-07-14
RLE039,llxprt-code,2148,https://github.com/vybestack/llxprt-code/pull/2148#issuecomment-4786236378,2026-06-24T05:39:29Z,2026-06-24T17:07:40Z,could_not_start,yes,yes,2026-07-14
RLE040,llxprt-code,2149,https://github.com/vybestack/llxprt-code/pull/2149#issuecomment-4786350654,2026-06-24T06:02:53Z,2026-06-25T02:05:35Z,could_not_start,yes,yes,2026-07-14
RLE041,llxprt-jefe,89,https://github.com/vybestack/llxprt-jefe/pull/89#issuecomment-4786600046,2026-06-24T06:43:20Z,2026-06-24T06:55:41Z,could_not_start,yes,yes,2026-07-14
RLE042,llxprt-code,2151,https://github.com/vybestack/llxprt-code/pull/2151#issuecomment-4786876575,2026-06-24T07:26:03Z,2026-06-24T08:08:40Z,could_not_start,yes,yes,2026-07-14
RLE043,llxprt-code,2154,https://github.com/vybestack/llxprt-code/pull/2154#issuecomment-4792266199,2026-06-24T18:05:45Z,2026-06-24T19:22:56Z,could_not_start,yes,no,2026-07-14
RLE044,llxprt-code,2156,https://github.com/vybestack/llxprt-code/pull/2156#issuecomment-4792299600,2026-06-24T18:10:06Z,2026-06-24T21:45:32Z,could_not_start,yes,yes,2026-07-14
RLE045,llxprt-code,2157,https://github.com/vybestack/llxprt-code/pull/2157#issuecomment-4792376925,2026-06-24T18:20:35Z,2026-06-24T18:20:35Z,could_not_start,yes,no,2026-07-14
RLE046,llxprt-code,2160,https://github.com/vybestack/llxprt-code/pull/2160#issuecomment-4793050880,2026-06-24T19:48:29Z,2026-06-24T23:23:16Z,could_not_start,yes,no,2026-07-14
RLE047,llxprt-code,2162,https://github.com/vybestack/llxprt-code/pull/2162#issuecomment-4794326874,2026-06-24T22:55:06Z,2026-06-24T23:17:18Z,could_not_start,yes,no,2026-07-14
RLE048,llxprt-code,2163,https://github.com/vybestack/llxprt-code/pull/2163#issuecomment-4794448492,2026-06-24T23:20:33Z,2026-06-25T00:29:29Z,could_not_start,yes,yes,2026-07-14
RLE049,llxprt-code,2180,https://github.com/vybestack/llxprt-code/pull/2180#issuecomment-4803333474,2026-06-25T19:13:24Z,2026-06-26T17:48:22Z,could_not_start,yes,yes,2026-07-14
RLE050,llxprt-code,2188,https://github.com/vybestack/llxprt-code/pull/2188#issuecomment-4805994243,2026-06-26T02:59:23Z,2026-06-26T16:23:12Z,could_not_start,yes,yes,2026-07-14
RLE051,llxprt-code,2191,https://github.com/vybestack/llxprt-code/pull/2191#issuecomment-4807232143,2026-06-26T07:16:41Z,2026-06-26T07:16:41Z,could_not_start,yes,no,2026-07-14
RLE052,llxprt-code,2192,https://github.com/vybestack/llxprt-code/pull/2192#issuecomment-4808108048,2026-06-26T09:03:44Z,2026-06-27T00:29:51Z,could_not_start,yes,yes,2026-07-14
RLE053,llxprt-jefe,90,https://github.com/vybestack/llxprt-jefe/pull/90#issuecomment-4808135311,2026-06-26T09:07:30Z,2026-06-29T21:56:26Z,temporary_limit,yes,yes,2026-07-14
RLE054,llxprt-code,2205,https://github.com/vybestack/llxprt-code/pull/2205#issuecomment-4811254502,2026-06-26T16:03:31Z,2026-06-26T16:54:46Z,could_not_start,yes,no,2026-07-14
RLE055,llxprt-luther,71,https://github.com/vybestack/llxprt-luther/pull/71#issuecomment-4812603852,2026-06-26T19:04:37Z,2026-06-26T19:55:09Z,could_not_start,yes,yes,2026-07-14
RLE056,llxprt-code,2213,https://github.com/vybestack/llxprt-code/pull/2213#issuecomment-4812928207,2026-06-26T19:46:50Z,2026-06-26T22:41:58Z,could_not_start,yes,yes,2026-07-14
RLE057,llxprt-code,2214,https://github.com/vybestack/llxprt-code/pull/2214#issuecomment-4813113054,2026-06-26T20:14:46Z,2026-06-26T22:50:29Z,could_not_start,yes,yes,2026-07-14
RLE058,llxprt-code,2215,https://github.com/vybestack/llxprt-code/pull/2215#issuecomment-4813124343,2026-06-26T20:16:34Z,2026-06-26T22:05:09Z,could_not_start,yes,no,2026-07-14
RLE059,llxprt-code,2216,https://github.com/vybestack/llxprt-code/pull/2216#issuecomment-4813830797,2026-06-26T22:24:52Z,2026-06-26T22:45:55Z,could_not_start,yes,yes,2026-07-14
RLE060,llxprt-code,2217,https://github.com/vybestack/llxprt-code/pull/2217#issuecomment-4814190276,2026-06-26T23:54:17Z,2026-06-27T00:23:52Z,could_not_start,yes,yes,2026-07-14
RLE061,llxprt-code,2218,https://github.com/vybestack/llxprt-code/pull/2218#issuecomment-4814532681,2026-06-27T01:23:47Z,2026-06-27T01:23:47Z,could_not_start,yes,no,2026-07-14
RLE062,llxprt-code,2219,https://github.com/vybestack/llxprt-code/pull/2219#issuecomment-4814683121,2026-06-27T02:10:12Z,2026-06-27T20:22:58Z,could_not_start,yes,yes,2026-07-14
RLE063,llxprt-luther,72,https://github.com/vybestack/llxprt-luther/pull/72#issuecomment-4815736027,2026-06-27T07:00:44Z,2026-06-27T07:00:44Z,could_not_start,yes,no,2026-07-14
RLE064,llxprt-code,2220,https://github.com/vybestack/llxprt-code/pull/2220#issuecomment-4815850825,2026-06-27T07:31:11Z,2026-06-27T07:35:39Z,could_not_start,yes,no,2026-07-14
RLE065,llxprt-code,2221,https://github.com/vybestack/llxprt-code/pull/2221#issuecomment-4816007254,2026-06-27T08:08:48Z,2026-06-27T08:32:07Z,could_not_start,yes,yes,2026-07-14
RLE066,llxprt-code,2222,https://github.com/vybestack/llxprt-code/pull/2222#issuecomment-4816008673,2026-06-27T08:09:20Z,2026-06-27T23:28:49Z,could_not_start,yes,yes,2026-07-14
RLE067,llxprt-code,2223,https://github.com/vybestack/llxprt-code/pull/2223#issuecomment-4816111916,2026-06-27T08:34:08Z,2026-06-29T17:56:54Z,temporary_limit,yes,yes,2026-07-14
RLE068,llxprt-code,2225,https://github.com/vybestack/llxprt-code/pull/2225#issuecomment-4816339310,2026-06-27T09:17:33Z,2026-06-27T09:17:33Z,could_not_start,yes,no,2026-07-14
RLE069,llxprt-code,2226,https://github.com/vybestack/llxprt-code/pull/2226#issuecomment-4816381008,2026-06-27T09:27:39Z,2026-06-27T09:27:39Z,could_not_start,yes,no,2026-07-14
RLE070,llxprt-luther,73,https://github.com/vybestack/llxprt-luther/pull/73#issuecomment-4819675698,2026-06-27T17:21:14Z,2026-06-27T17:32:33Z,could_not_start,yes,no,2026-07-14
RLE071,llxprt-luther,76,https://github.com/vybestack/llxprt-luther/pull/76#issuecomment-4823082380,2026-06-27T23:52:46Z,2026-06-28T08:22:05Z,could_not_start,yes,yes,2026-07-14
RLE072,llxprt-code,2247,https://github.com/vybestack/llxprt-code/pull/2247#issuecomment-4834642213,2026-06-29T16:12:44Z,2026-06-29T16:43:15Z,temporary_limit,yes,yes,2026-07-14
RLE073,llxprt-code,2257,https://github.com/vybestack/llxprt-code/pull/2257#issuecomment-4835181063,2026-06-29T17:16:08Z,2026-06-30T21:43:58Z,temporary_limit,yes,yes,2026-07-14
RLE074,llxprt-code,2258,https://github.com/vybestack/llxprt-code/pull/2258#issuecomment-4835610576,2026-06-29T18:13:22Z,2026-06-29T19:54:13Z,temporary_limit,yes,no,2026-07-14
RLE075,llxprt-code,2262,https://github.com/vybestack/llxprt-code/pull/2262#issuecomment-4835952895,2026-06-29T18:55:25Z,2026-06-29T22:21:52Z,temporary_limit,yes,yes,2026-07-14
RLE076,llxprt-luther,77,https://github.com/vybestack/llxprt-luther/pull/77#issuecomment-4836106974,2026-06-29T19:16:25Z,2026-06-29T19:16:25Z,temporary_limit,yes,no,2026-07-14
RLE077,llxprt-code,2264,https://github.com/vybestack/llxprt-code/pull/2264#issuecomment-4836331747,2026-06-29T19:38:38Z,2026-06-29T21:24:01Z,temporary_limit,yes,no,2026-07-14
RLE078,llxprt-code,2265,https://github.com/vybestack/llxprt-code/pull/2265#issuecomment-4836740284,2026-06-29T20:28:59Z,2026-06-30T00:36:04Z,temporary_limit,yes,yes,2026-07-14
RLE079,llxprt-luther,79,https://github.com/vybestack/llxprt-luther/pull/79#issuecomment-4837040533,2026-06-29T21:07:00Z,2026-06-29T22:39:18Z,temporary_limit,yes,no,2026-07-14
RLE080,llxprt-code,2266,https://github.com/vybestack/llxprt-code/pull/2266#issuecomment-4837185235,2026-06-29T21:23:11Z,2026-06-29T22:05:28Z,temporary_limit,yes,no,2026-07-14
RLE081,llxprt-code,2268,https://github.com/vybestack/llxprt-code/pull/2268#issuecomment-4837519499,2026-06-29T21:56:41Z,2026-06-29T23:52:44Z,temporary_limit,yes,yes,2026-07-14
RLE082,llxprt-code,2269,https://github.com/vybestack/llxprt-code/pull/2269#issuecomment-4838474280,2026-06-29T23:33:30Z,2026-06-30T00:26:16Z,temporary_limit,yes,no,2026-07-14
RLE083,llxprt-jefe,103,https://github.com/vybestack/llxprt-jefe/pull/103#issuecomment-4839310700,2026-06-30T02:23:39Z,2026-06-30T03:19:03Z,temporary_limit,yes,yes,2026-07-14
RLE084,llxprt-code,2276,https://github.com/vybestack/llxprt-code/pull/2276#issuecomment-4839525067,2026-06-30T03:13:21Z,2026-06-30T03:48:27Z,temporary_limit,yes,yes,2026-07-14
RLE085,llxprt-jefe,104,https://github.com/vybestack/llxprt-jefe/pull/104#issuecomment-4839669172,2026-06-30T03:46:10Z,2026-06-30T03:46:10Z,temporary_limit,yes,no,2026-07-14
RLE086,llxprt-code,2277,https://github.com/vybestack/llxprt-code/pull/2277#issuecomment-4839694668,2026-06-30T03:52:34Z,2026-06-30T08:12:00Z,temporary_limit,yes,yes,2026-07-14
RLE087,llxprt-jefe,105,https://github.com/vybestack/llxprt-jefe/pull/105#issuecomment-4840078887,2026-06-30T05:07:21Z,2026-06-30T05:13:38Z,temporary_limit,yes,no,2026-07-14
RLE088,llxprt-jefe,106,https://github.com/vybestack/llxprt-jefe/pull/106#issuecomment-4840722346,2026-06-30T06:58:56Z,2026-06-30T06:58:56Z,temporary_limit,yes,no,2026-07-14
RLE089,llxprt-code,2283,https://github.com/vybestack/llxprt-code/pull/2283#issuecomment-4840765277,2026-06-30T07:05:23Z,2026-06-30T07:05:23Z,temporary_limit,yes,no,2026-07-14
RLE090,llxprt-luther,88,https://github.com/vybestack/llxprt-luther/pull/88#issuecomment-4841135065,2026-06-30T07:53:54Z,2026-06-30T09:11:00Z,temporary_limit,yes,yes,2026-07-14
RLE091,llxprt-jefe,107,https://github.com/vybestack/llxprt-jefe/pull/107#issuecomment-4841239297,2026-06-30T08:07:36Z,2026-06-30T08:07:36Z,temporary_limit,yes,no,2026-07-14
RLE092,llxprt-code,2284,https://github.com/vybestack/llxprt-code/pull/2284#issuecomment-4841828791,2026-06-30T09:23:52Z,2026-07-01T00:20:58Z,temporary_limit,yes,yes,2026-07-14
RLE093,llxprt-luther,89,https://github.com/vybestack/llxprt-luther/pull/89#issuecomment-4842061402,2026-06-30T09:53:19Z,2026-06-30T15:09:36Z,temporary_limit,yes,no,2026-07-14
RLE094,llxprt-jefe,108,https://github.com/vybestack/llxprt-jefe/pull/108#issuecomment-4845230580,2026-06-30T15:29:21Z,2026-06-30T15:29:21Z,temporary_limit,yes,no,2026-07-14
RLE095,llxprt-luther,90,https://github.com/vybestack/llxprt-luther/pull/90#issuecomment-4845800671,2026-06-30T16:35:55Z,2026-06-30T22:45:40Z,temporary_limit,yes,yes,2026-07-14
RLE096,llxprt-code,2290,https://github.com/vybestack/llxprt-code/pull/2290#issuecomment-4847085846,2026-06-30T19:10:54Z,2026-07-01T04:06:06Z,temporary_limit,yes,no,2026-07-14
RLE097,llxprt-code,2293,https://github.com/vybestack/llxprt-code/pull/2293#issuecomment-4847862423,2026-06-30T20:58:48Z,2026-06-30T23:41:06Z,temporary_limit,yes,no,2026-07-14
RLE098,llxprt-code,2295,https://github.com/vybestack/llxprt-code/pull/2295#issuecomment-4848157757,2026-06-30T21:44:14Z,2026-07-01T02:23:29Z,temporary_limit,yes,no,2026-07-14
RLE099,llxprt-code,2298,https://github.com/vybestack/llxprt-code/pull/2298#issuecomment-4849079600,2026-07-01T00:23:22Z,2026-07-01T00:50:47Z,temporary_limit,yes,no,2026-07-14
RLE100,llxprt-code,2302,https://github.com/vybestack/llxprt-code/pull/2302#issuecomment-4849560055,2026-07-01T01:55:28Z,2026-07-01T01:55:28Z,temporary_limit,yes,no,2026-07-14
RLE101,llxprt-luther,91,https://github.com/vybestack/llxprt-luther/pull/91#issuecomment-4849642220,2026-07-01T02:12:54Z,2026-07-01T03:24:45Z,temporary_limit,yes,no,2026-07-14
RLE102,llxprt-code,2303,https://github.com/vybestack/llxprt-code/pull/2303#issuecomment-4850121235,2026-07-01T03:58:58Z,2026-07-01T14:52:14Z,temporary_limit,yes,no,2026-07-14
RLE103,llxprt-code,2307,https://github.com/vybestack/llxprt-code/pull/2307#issuecomment-4850954469,2026-07-01T06:32:53Z,2026-07-01T08:35:37Z,temporary_limit,yes,no,2026-07-14
RLE104,llxprt-code,2309,https://github.com/vybestack/llxprt-code/pull/2309#issuecomment-4851106867,2026-07-01T06:45:48Z,2026-07-01T15:31:00Z,temporary_limit,yes,no,2026-07-14
RLE105,llxprt-luther,92,https://github.com/vybestack/llxprt-luther/pull/92#issuecomment-4851270233,2026-07-01T07:03:38Z,2026-07-01T17:48:25Z,temporary_limit,yes,yes,2026-07-14
RLE106,llxprt-jefe,112,https://github.com/vybestack/llxprt-jefe/pull/112#issuecomment-4851929218,2026-07-01T08:08:45Z,2026-07-01T08:16:45Z,temporary_limit,yes,no,2026-07-14
RLE107,llxprt-code,2311,https://github.com/vybestack/llxprt-code/pull/2311#issuecomment-4856666957,2026-07-01T15:02:18Z,2026-07-04T18:43:22Z,temporary_limit,yes,no,2026-07-14
RLE108,llxprt-code,2313,https://github.com/vybestack/llxprt-code/pull/2313#issuecomment-4857844891,2026-07-01T16:43:36Z,2026-07-03T01:31:41Z,temporary_limit,yes,no,2026-07-14
RLE109,llxprt-code,2315,https://github.com/vybestack/llxprt-code/pull/2315#issuecomment-4858456107,2026-07-01T17:36:28Z,2026-07-02T01:40:45Z,temporary_limit,yes,no,2026-07-14
RLE110,llxprt-code,2317,https://github.com/vybestack/llxprt-code/pull/2317#issuecomment-4859706290,2026-07-01T20:16:54Z,2026-07-01T23:48:26Z,temporary_limit,yes,no,2026-07-14
RLE111,llxprt-code,2318,https://github.com/vybestack/llxprt-code/pull/2318#issuecomment-4859736130,2026-07-01T20:21:09Z,2026-07-02T00:36:24Z,temporary_limit,yes,no,2026-07-14
RLE112,llxprt-code,2319,https://github.com/vybestack/llxprt-code/pull/2319#issuecomment-4859767898,2026-07-01T20:25:59Z,2026-07-01T20:25:59Z,temporary_limit,yes,no,2026-07-14
RLE113,llxprt-luther,93,https://github.com/vybestack/llxprt-luther/pull/93#issuecomment-4860042342,2026-07-01T21:07:07Z,2026-07-01T21:34:38Z,temporary_limit,yes,yes,2026-07-14
RLE114,llxprt-jefe,115,https://github.com/vybestack/llxprt-jefe/pull/115#issuecomment-4860947815,2026-07-01T23:49:25Z,2026-07-02T02:27:22Z,temporary_limit,yes,no,2026-07-14
RLE115,llxprt-luther,94,https://github.com/vybestack/llxprt-luther/pull/94#issuecomment-4861034504,2026-07-02T00:07:55Z,2026-07-02T03:11:44Z,temporary_limit,yes,no,2026-07-14
RLE116,llxprt-luther,96,https://github.com/vybestack/llxprt-luther/pull/96#issuecomment-4862357164,2026-07-02T05:01:22Z,2026-07-02T06:50:40Z,temporary_limit,yes,yes,2026-07-14
RLE117,llxprt-code,2330,https://github.com/vybestack/llxprt-code/pull/2330#issuecomment-4862927159,2026-07-02T06:44:34Z,2026-07-02T22:32:39Z,temporary_limit,yes,no,2026-07-14
RLE118,llxprt-luther,98,https://github.com/vybestack/llxprt-luther/pull/98#issuecomment-4866122851,2026-07-02T13:15:45Z,2026-07-03T08:27:13Z,temporary_limit,yes,no,2026-07-14
RLE119,llxprt-luther,100,https://github.com/vybestack/llxprt-luther/pull/100#issuecomment-4870757305,2026-07-02T21:50:38Z,2026-07-03T02:43:06Z,temporary_limit,yes,no,2026-07-14
RLE120,llxprt-luther,101,https://github.com/vybestack/llxprt-luther/pull/101#issuecomment-4870780093,2026-07-02T21:54:43Z,2026-07-02T22:55:55Z,temporary_limit,yes,no,2026-07-14
RLE121,llxprt-jefe,122,https://github.com/vybestack/llxprt-jefe/pull/122#issuecomment-4871084275,2026-07-02T22:49:59Z,2026-07-02T22:57:37Z,temporary_limit,yes,yes,2026-07-14
RLE122,llxprt-code,2336,https://github.com/vybestack/llxprt-code/pull/2336#issuecomment-4871206588,2026-07-02T23:11:50Z,2026-07-03T07:23:25Z,temporary_limit,yes,no,2026-07-14
RLE123,llxprt-luther,102,https://github.com/vybestack/llxprt-luther/pull/102#issuecomment-4871207396,2026-07-02T23:11:59Z,2026-07-02T23:23:56Z,temporary_limit,yes,no,2026-07-14
RLE124,llxprt-luther,103,https://github.com/vybestack/llxprt-luther/pull/103#issuecomment-4871315677,2026-07-02T23:36:18Z,2026-07-02T23:39:03Z,temporary_limit,yes,no,2026-07-14
RLE125,llxprt-luther,104,https://github.com/vybestack/llxprt-luther/pull/104#issuecomment-4871908692,2026-07-03T01:54:15Z,2026-07-03T01:54:15Z,temporary_limit,yes,no,2026-07-14
RLE126,llxprt-luther,105,https://github.com/vybestack/llxprt-luther/pull/105#issuecomment-4872043662,2026-07-03T02:24:12Z,2026-07-03T02:33:54Z,temporary_limit,yes,no,2026-07-14
RLE127,llxprt-code,2341,https://github.com/vybestack/llxprt-code/pull/2341#issuecomment-4872078210,2026-07-03T02:32:28Z,2026-07-03T06:41:12Z,temporary_limit,yes,no,2026-07-14
RLE128,llxprt-jefe,123,https://github.com/vybestack/llxprt-jefe/pull/123#issuecomment-4873219309,2026-07-03T06:31:12Z,2026-07-03T06:43:31Z,temporary_limit,yes,no,2026-07-14
RLE129,llxprt-luther,106,https://github.com/vybestack/llxprt-luther/pull/106#issuecomment-4873354866,2026-07-03T06:44:59Z,2026-07-03T06:51:01Z,temporary_limit,yes,yes,2026-07-14
RLE130,llxprt-jefe,124,https://github.com/vybestack/llxprt-jefe/pull/124#issuecomment-4873907717,2026-07-03T07:39:00Z,2026-07-03T07:47:34Z,temporary_limit,yes,no,2026-07-14
RLE131,llxprt-code,2354,https://github.com/vybestack/llxprt-code/pull/2354#issuecomment-4874021096,2026-07-03T07:52:10Z,2026-07-04T19:09:20Z,temporary_limit,yes,no,2026-07-14
RLE132,llxprt-luther,110,https://github.com/vybestack/llxprt-luther/pull/110#issuecomment-4886708289,2026-07-05T16:18:35Z,2026-07-07T16:31:14Z,temporary_limit,yes,yes,2026-07-14
RLE133,llxprt-luther,111,https://github.com/vybestack/llxprt-luther/pull/111#issuecomment-4887467403,2026-07-05T20:20:16Z,2026-07-05T20:27:43Z,temporary_limit,yes,no,2026-07-14
RLE134,llxprt-jefe,127,https://github.com/vybestack/llxprt-jefe/pull/127#issuecomment-4887573175,2026-07-05T20:59:52Z,2026-07-05T21:17:54Z,temporary_limit,yes,yes,2026-07-14
RLE135,llxprt-luther,112,https://github.com/vybestack/llxprt-luther/pull/112#issuecomment-4888390644,2026-07-06T01:33:21Z,2026-07-07T00:31:58Z,temporary_limit,yes,yes,2026-07-14
RLE136,llxprt-jefe,130,https://github.com/vybestack/llxprt-jefe/pull/130#issuecomment-4894127413,2026-07-06T14:45:45Z,2026-07-06T18:06:47Z,could_not_start,yes,yes,2026-07-14
RLE137,llxprt-jefe,132,https://github.com/vybestack/llxprt-jefe/pull/132#issuecomment-4894571740,2026-07-06T15:27:04Z,2026-07-11T16:26:09Z,could_not_start,yes,yes,2026-07-14
RLE138,llxprt-jefe,134,https://github.com/vybestack/llxprt-jefe/pull/134#issuecomment-4896681767,2026-07-06T19:09:46Z,2026-07-06T21:56:10Z,could_not_start,yes,yes,2026-07-14
RLE139,llxprt-code,2400,https://github.com/vybestack/llxprt-code/pull/2400#issuecomment-4897914925,2026-07-06T21:48:22Z,2026-07-06T22:30:19Z,temporary_limit,yes,no,2026-07-14
RLE140,llxprt-code,2401,https://github.com/vybestack/llxprt-code/pull/2401#issuecomment-4897978102,2026-07-06T21:58:12Z,2026-07-06T22:36:25Z,temporary_limit,yes,no,2026-07-14
RLE141,llxprt-code,2404,https://github.com/vybestack/llxprt-code/pull/2404#issuecomment-4898146809,2026-07-06T22:22:19Z,2026-07-06T23:37:34Z,temporary_limit,yes,no,2026-07-14
RLE142,llxprt-code,2405,https://github.com/vybestack/llxprt-code/pull/2405#issuecomment-4898543027,2026-07-06T23:28:49Z,2026-07-07T00:14:50Z,temporary_limit,yes,no,2026-07-14
RLE143,llxprt-code,2407,https://github.com/vybestack/llxprt-code/pull/2407#issuecomment-4898832103,2026-07-07T00:20:26Z,2026-07-07T00:23:28Z,temporary_limit,yes,no,2026-07-14
RLE144,llxprt-jefe,138,https://github.com/vybestack/llxprt-jefe/pull/138#issuecomment-4898840605,2026-07-07T00:22:04Z,2026-07-07T00:35:35Z,temporary_limit,yes,yes,2026-07-14
RLE145,llxprt-code,2409,https://github.com/vybestack/llxprt-code/pull/2409#issuecomment-4898943226,2026-07-07T00:41:56Z,2026-07-07T03:21:35Z,temporary_limit,yes,no,2026-07-14
RLE146,llxprt-code,2415,https://github.com/vybestack/llxprt-code/pull/2415#issuecomment-4899697657,2026-07-07T03:01:55Z,2026-07-09T18:54:46Z,temporary_limit,yes,no,2026-07-14
RLE147,llxprt-luther,114,https://github.com/vybestack/llxprt-luther/pull/114#issuecomment-4899910961,2026-07-07T03:45:57Z,2026-07-07T19:05:44Z,temporary_limit,yes,yes,2026-07-14
RLE148,llxprt-code,2420,https://github.com/vybestack/llxprt-code/pull/2420#issuecomment-4900385244,2026-07-07T05:12:07Z,2026-07-07T05:32:34Z,temporary_limit,yes,no,2026-07-14
RLE149,llxprt-code,2421,https://github.com/vybestack/llxprt-code/pull/2421#issuecomment-4900445118,2026-07-07T05:23:03Z,2026-07-07T05:23:03Z,temporary_limit,yes,no,2026-07-14
RLE150,llxprt-code,2424,https://github.com/vybestack/llxprt-code/pull/2424#issuecomment-4900729685,2026-07-07T06:13:27Z,2026-07-07T08:02:51Z,temporary_limit,yes,no,2026-07-14
RLE151,llxprt-code,2426,https://github.com/vybestack/llxprt-code/pull/2426#issuecomment-4901058115,2026-07-07T07:03:37Z,2026-07-07T13:37:04Z,temporary_limit,yes,no,2026-07-14
RLE152,llxprt-jefe,139,https://github.com/vybestack/llxprt-jefe/pull/139#issuecomment-4901679609,2026-07-07T08:24:02Z,2026-07-07T08:24:02Z,temporary_limit,yes,no,2026-07-14
RLE153,llxprt-jefe,140,https://github.com/vybestack/llxprt-jefe/pull/140#issuecomment-4906046795,2026-07-07T16:29:22Z,2026-07-07T16:46:16Z,temporary_limit,yes,no,2026-07-14
RLE154,llxprt-code,2437,https://github.com/vybestack/llxprt-code/pull/2437#issuecomment-4906724613,2026-07-07T17:37:04Z,2026-07-08T00:49:02Z,temporary_limit,yes,no,2026-07-14
RLE155,llxprt-luther,116,https://github.com/vybestack/llxprt-luther/pull/116#issuecomment-4909446159,2026-07-07T22:02:28Z,2026-07-08T03:34:31Z,temporary_limit,yes,yes,2026-07-14
RLE156,llxprt-jefe,147,https://github.com/vybestack/llxprt-jefe/pull/147#issuecomment-4909587121,2026-07-07T22:24:58Z,2026-07-08T03:51:10Z,temporary_limit,yes,yes,2026-07-14
RLE157,llxprt-jefe,149,https://github.com/vybestack/llxprt-jefe/pull/149#issuecomment-4911980246,2026-07-08T06:27:36Z,2026-07-08T14:44:42Z,temporary_limit,yes,yes,2026-07-14
RLE158,llxprt-jefe,152,https://github.com/vybestack/llxprt-jefe/pull/152#issuecomment-4916651467,2026-07-08T15:52:34Z,2026-07-08T15:52:34Z,temporary_limit,yes,no,2026-07-14
RLE159,llxprt-luther,120,https://github.com/vybestack/llxprt-luther/pull/120#issuecomment-4916741082,2026-07-08T16:02:22Z,2026-07-09T18:35:37Z,temporary_limit,yes,yes,2026-07-14
RLE160,llxprt-code,2444,https://github.com/vybestack/llxprt-code/pull/2444#issuecomment-4916923446,2026-07-08T16:23:32Z,2026-07-08T16:23:32Z,temporary_limit,yes,no,2026-07-14
RLE161,llxprt-jefe,154,https://github.com/vybestack/llxprt-jefe/pull/154#issuecomment-4916960468,2026-07-08T16:28:01Z,2026-07-08T16:33:15Z,temporary_limit,yes,no,2026-07-14
RLE162,llxprt-code,2447,https://github.com/vybestack/llxprt-code/pull/2447#issuecomment-4917854758,2026-07-08T18:13:53Z,2026-07-08T21:20:05Z,temporary_limit,yes,no,2026-07-14
RLE163,llxprt-code,2448,https://github.com/vybestack/llxprt-code/pull/2448#issuecomment-4918235817,2026-07-08T18:56:34Z,2026-07-08T19:15:27Z,temporary_limit,yes,no,2026-07-14
RLE164,llxprt-jefe,157,https://github.com/vybestack/llxprt-jefe/pull/157#issuecomment-4918508280,2026-07-08T19:32:10Z,2026-07-08T19:48:07Z,temporary_limit,yes,no,2026-07-14
RLE165,llxprt-jefe,159,https://github.com/vybestack/llxprt-jefe/pull/159#issuecomment-4919098008,2026-07-08T20:51:57Z,2026-07-08T21:11:51Z,temporary_limit,yes,no,2026-07-14
RLE166,llxprt-jefe,161,https://github.com/vybestack/llxprt-jefe/pull/161#issuecomment-4919724879,2026-07-08T22:20:32Z,2026-07-08T22:23:51Z,temporary_limit,yes,no,2026-07-14
RLE167,llxprt-jefe,162,https://github.com/vybestack/llxprt-jefe/pull/162#issuecomment-4920196375,2026-07-08T23:50:23Z,2026-07-08T23:51:13Z,temporary_limit,yes,no,2026-07-14
RLE168,llxprt-code,2451,https://github.com/vybestack/llxprt-code/pull/2451#issuecomment-4920341846,2026-07-09T00:19:15Z,2026-07-09T01:06:05Z,temporary_limit,yes,no,2026-07-14
RLE169,llxprt-jefe,165,https://github.com/vybestack/llxprt-jefe/pull/165#issuecomment-4920780598,2026-07-09T01:46:10Z,2026-07-09T03:01:09Z,temporary_limit,yes,no,2026-07-14
RLE170,llxprt-luther,124,https://github.com/vybestack/llxprt-luther/pull/124#issuecomment-4921894508,2026-07-09T05:35:45Z,2026-07-09T06:46:07Z,temporary_limit,yes,no,2026-07-14
RLE171,llxprt-jefe,167,https://github.com/vybestack/llxprt-jefe/pull/167#issuecomment-4921899612,2026-07-09T05:36:48Z,2026-07-09T06:33:49Z,temporary_limit,yes,no,2026-07-14
RLE172,llxprt-jefe,168,https://github.com/vybestack/llxprt-jefe/pull/168#issuecomment-4922083678,2026-07-09T06:10:01Z,2026-07-09T19:08:07Z,temporary_limit,yes,no,2026-07-14
RLE173,llxprt-jefe,172,https://github.com/vybestack/llxprt-jefe/pull/172#issuecomment-4927442112,2026-07-09T16:40:19Z,2026-07-09T16:58:03Z,temporary_limit,yes,yes,2026-07-14
RLE174,llxprt-jefe,174,https://github.com/vybestack/llxprt-jefe/pull/174#issuecomment-4928305305,2026-07-09T18:29:08Z,2026-07-10T15:08:06Z,temporary_limit,yes,no,2026-07-14
RLE175,llxprt-jefe,176,https://github.com/vybestack/llxprt-jefe/pull/176#issuecomment-4928422035,2026-07-09T18:43:34Z,2026-07-09T18:49:36Z,temporary_limit,yes,no,2026-07-14
RLE176,llxprt-code,2471,https://github.com/vybestack/llxprt-code/pull/2471#issuecomment-4928782508,2026-07-09T19:28:00Z,2026-07-09T19:28:00Z,temporary_limit,yes,no,2026-07-14
RLE177,llxprt-jefe,177,https://github.com/vybestack/llxprt-jefe/pull/177#issuecomment-4928889682,2026-07-09T19:42:05Z,2026-07-09T20:48:59Z,temporary_limit,yes,no,2026-07-14
RLE178,llxprt-code,2473,https://github.com/vybestack/llxprt-code/pull/2473#issuecomment-4929012114,2026-07-09T19:58:26Z,2026-07-09T21:06:59Z,temporary_limit,yes,no,2026-07-14
RLE179,llxprt-code,2474,https://github.com/vybestack/llxprt-code/pull/2474#issuecomment-4929186065,2026-07-09T20:21:11Z,2026-07-09T20:30:16Z,temporary_limit,yes,no,2026-07-14
RLE180,llxprt-luther,126,https://github.com/vybestack/llxprt-luther/pull/126#issuecomment-4937529338,2026-07-10T16:45:13Z,2026-07-11T01:33:29Z,temporary_limit,yes,yes,2026-07-14
RLE181,llxprt-jefe,180,https://github.com/vybestack/llxprt-jefe/pull/180#issuecomment-4937714445,2026-07-10T17:09:05Z,2026-07-12T14:27:01Z,temporary_limit,yes,yes,2026-07-14
RLE182,llxprt-code,2491,https://github.com/vybestack/llxprt-code/pull/2491#issuecomment-4938738798,2026-07-10T19:19:39Z,2026-07-10T20:16:12Z,temporary_limit,yes,no,2026-07-14
RLE183,llxprt-jefe,191,https://github.com/vybestack/llxprt-jefe/pull/191#issuecomment-4938836275,2026-07-10T19:33:43Z,2026-07-10T21:11:53Z,temporary_limit,yes,no,2026-07-14
RLE184,llxprt-code,2493,https://github.com/vybestack/llxprt-code/pull/2493#issuecomment-4939461697,2026-07-10T20:54:19Z,2026-07-12T16:34:08Z,temporary_limit,yes,no,2026-07-14
RLE185,llxprt-jefe,192,https://github.com/vybestack/llxprt-jefe/pull/192#issuecomment-4939565788,2026-07-10T21:10:13Z,2026-07-12T17:54:50Z,temporary_limit,yes,yes,2026-07-14
RLE186,llxprt-code,2495,https://github.com/vybestack/llxprt-code/pull/2495#issuecomment-4940365061,2026-07-10T23:32:14Z,2026-07-11T01:25:17Z,temporary_limit,yes,no,2026-07-14
RLE187,llxprt-code,2497,https://github.com/vybestack/llxprt-code/pull/2497#issuecomment-4940848441,2026-07-11T00:45:36Z,2026-07-11T02:06:40Z,temporary_limit,yes,no,2026-07-14
RLE188,llxprt-jefe,193,https://github.com/vybestack/llxprt-jefe/pull/193#issuecomment-4942069015,2026-07-11T03:36:14Z,2026-07-11T04:32:03Z,temporary_limit,yes,yes,2026-07-14
RLE189,llxprt-jefe,199,https://github.com/vybestack/llxprt-jefe/pull/199#issuecomment-4947071932,2026-07-11T15:19:05Z,2026-07-11T18:29:47Z,temporary_limit,yes,yes,2026-07-14
RLE190,llxprt-luther,128,https://github.com/vybestack/llxprt-luther/pull/128#issuecomment-4948150145,2026-07-11T17:49:14Z,2026-07-11T17:49:14Z,temporary_limit,yes,no,2026-07-14
RLE191,llxprt-jefe,209,https://github.com/vybestack/llxprt-jefe/pull/209#issuecomment-4948294130,2026-07-11T18:29:33Z,2026-07-11T23:43:23Z,temporary_limit,yes,yes,2026-07-14
RLE192,llxprt-jefe,217,https://github.com/vybestack/llxprt-jefe/pull/217#issuecomment-4948430874,2026-07-11T19:15:43Z,2026-07-11T20:57:11Z,temporary_limit,yes,no,2026-07-14
RLE193,llxprt-jefe,218,https://github.com/vybestack/llxprt-jefe/pull/218#issuecomment-4948502169,2026-07-11T19:38:53Z,2026-07-11T20:56:02Z,temporary_limit,yes,yes,2026-07-14
RLE194,llxprt-code,2503,https://github.com/vybestack/llxprt-code/pull/2503#issuecomment-4948556148,2026-07-11T19:56:41Z,2026-07-12T00:09:43Z,temporary_limit,yes,no,2026-07-14
RLE195,llxprt-code,2504,https://github.com/vybestack/llxprt-code/pull/2504#issuecomment-4948581231,2026-07-11T20:05:10Z,2026-07-12T09:27:11Z,temporary_limit,yes,no,2026-07-14
RLE196,llxprt-code,2507,https://github.com/vybestack/llxprt-code/pull/2507#issuecomment-4948648883,2026-07-11T20:27:50Z,2026-07-11T23:35:14Z,temporary_limit,yes,no,2026-07-14
RLE197,llxprt-luther,130,https://github.com/vybestack/llxprt-luther/pull/130#issuecomment-4948885225,2026-07-11T21:50:58Z,2026-07-13T04:00:58Z,temporary_limit,yes,yes,2026-07-14
RLE198,llxprt-jefe,221,https://github.com/vybestack/llxprt-jefe/pull/221#issuecomment-4949082087,2026-07-11T23:04:00Z,2026-07-12T00:31:09Z,temporary_limit,yes,yes,2026-07-14
RLE199,llxprt-jefe,225,https://github.com/vybestack/llxprt-jefe/pull/225#issuecomment-4949253974,2026-07-12T00:04:44Z,2026-07-12T02:06:25Z,temporary_limit,yes,no,2026-07-14
RLE200,llxprt-jefe,226,https://github.com/vybestack/llxprt-jefe/pull/226#issuecomment-4949353843,2026-07-12T00:40:53Z,2026-07-12T02:17:32Z,temporary_limit,yes,yes,2026-07-14
RLE201,llxprt-jefe,231,https://github.com/vybestack/llxprt-jefe/pull/231#issuecomment-4949759399,2026-07-12T03:15:59Z,2026-07-12T03:22:15Z,temporary_limit,yes,no,2026-07-14
RLE202,llxprt-luther,133,https://github.com/vybestack/llxprt-luther/pull/133#issuecomment-4949785176,2026-07-12T03:26:03Z,2026-07-12T18:35:15Z,temporary_limit,yes,yes,2026-07-14
RLE203,llxprt-code,2513,https://github.com/vybestack/llxprt-code/pull/2513#issuecomment-4949801008,2026-07-12T03:33:03Z,2026-07-12T05:14:22Z,temporary_limit,yes,no,2026-07-14
RLE204,llxprt-jefe,232,https://github.com/vybestack/llxprt-jefe/pull/232#issuecomment-4949833807,2026-07-12T03:47:38Z,2026-07-12T03:47:38Z,temporary_limit,yes,no,2026-07-14
RLE205,llxprt-code,2514,https://github.com/vybestack/llxprt-code/pull/2514#issuecomment-4949857570,2026-07-12T03:57:38Z,2026-07-12T14:29:15Z,temporary_limit,yes,no,2026-07-14
RLE206,llxprt-code,2515,https://github.com/vybestack/llxprt-code/pull/2515#issuecomment-4949895900,2026-07-12T04:12:27Z,2026-07-12T06:08:38Z,temporary_limit,yes,no,2026-07-14
RLE207,llxprt-jefe,233,https://github.com/vybestack/llxprt-jefe/pull/233#issuecomment-4949968704,2026-07-12T04:35:59Z,2026-07-12T06:41:43Z,temporary_limit,yes,no,2026-07-14
RLE208,llxprt-jefe,234,https://github.com/vybestack/llxprt-jefe/pull/234#issuecomment-4949977427,2026-07-12T04:39:52Z,2026-07-12T05:19:54Z,temporary_limit,yes,no,2026-07-14
RLE209,llxprt-jefe,235,https://github.com/vybestack/llxprt-jefe/pull/235#issuecomment-4950139916,2026-07-12T05:50:58Z,2026-07-12T14:15:18Z,temporary_limit,yes,no,2026-07-14
RLE210,llxprt-jefe,236,https://github.com/vybestack/llxprt-jefe/pull/236#issuecomment-4950147907,2026-07-12T05:54:40Z,2026-07-13T14:45:35Z,temporary_limit,yes,yes,2026-07-14
RLE211,llxprt-jefe,237,https://github.com/vybestack/llxprt-jefe/pull/237#issuecomment-4950197617,2026-07-12T06:14:35Z,2026-07-12T14:11:58Z,temporary_limit,yes,no,2026-07-14
RLE212,llxprt-code,2520,https://github.com/vybestack/llxprt-code/pull/2520#issuecomment-4950721351,2026-07-12T09:42:17Z,2026-07-12T20:00:09Z,temporary_limit,yes,no,2026-07-14
RLE213,llxprt-code,2521,https://github.com/vybestack/llxprt-code/pull/2521#issuecomment-4951516699,2026-07-12T14:22:41Z,2026-07-12T18:21:05Z,temporary_limit,yes,no,2026-07-14
RLE214,llxprt-jefe,242,https://github.com/vybestack/llxprt-jefe/pull/242#issuecomment-4951935062,2026-07-12T16:35:03Z,2026-07-12T16:56:37Z,temporary_limit,yes,no,2026-07-14
RLE215,llxprt-code,2526,https://github.com/vybestack/llxprt-code/pull/2526#issuecomment-4952223413,2026-07-12T18:09:41Z,2026-07-14T16:49:50Z,temporary_limit,yes,no,2026-07-14
RLE216,llxprt-jefe,246,https://github.com/vybestack/llxprt-jefe/pull/246#issuecomment-4952270896,2026-07-12T18:24:53Z,2026-07-12T18:24:53Z,temporary_limit,yes,no,2026-07-14
RLE217,llxprt-jefe,247,https://github.com/vybestack/llxprt-jefe/pull/247#issuecomment-4952464163,2026-07-12T19:27:44Z,2026-07-12T20:39:52Z,temporary_limit,yes,no,2026-07-14
RLE218,llxprt-jefe,248,https://github.com/vybestack/llxprt-jefe/pull/248#issuecomment-4952501305,2026-07-12T19:39:44Z,2026-07-12T20:47:36Z,temporary_limit,yes,no,2026-07-14
RLE219,llxprt-jefe,249,https://github.com/vybestack/llxprt-jefe/pull/249#issuecomment-4952551329,2026-07-12T19:55:42Z,2026-07-12T20:02:18Z,temporary_limit,yes,no,2026-07-14
RLE220,llxprt-code,2530,https://github.com/vybestack/llxprt-code/pull/2530#issuecomment-4952578029,2026-07-12T20:03:58Z,2026-07-12T20:03:58Z,temporary_limit,yes,no,2026-07-14
RLE221,llxprt-jefe,251,https://github.com/vybestack/llxprt-jefe/pull/251#issuecomment-4952693854,2026-07-12T20:41:00Z,2026-07-12T21:17:53Z,temporary_limit,yes,no,2026-07-14
RLE222,llxprt-code,2538,https://github.com/vybestack/llxprt-code/pull/2538#issuecomment-4952970750,2026-07-12T22:11:23Z,2026-07-12T22:11:23Z,temporary_limit,yes,no,2026-07-14
RLE223,llxprt-code,2543,https://github.com/vybestack/llxprt-code/pull/2543#issuecomment-4953169803,2026-07-12T23:17:13Z,2026-07-12T23:22:22Z,temporary_limit,yes,no,2026-07-14
RLE224,llxprt-luther,134,https://github.com/vybestack/llxprt-luther/pull/134#issuecomment-4953247513,2026-07-12T23:42:59Z,2026-07-13T00:56:26Z,temporary_limit,yes,yes,2026-07-14
RLE225,llxprt-code,2545,https://github.com/vybestack/llxprt-code/pull/2545#issuecomment-4953449426,2026-07-13T00:38:15Z,2026-07-14T02:16:50Z,temporary_limit,yes,no,2026-07-14
RLE226,llxprt-code,2546,https://github.com/vybestack/llxprt-code/pull/2546#issuecomment-4953654592,2026-07-13T01:32:09Z,2026-07-14T16:32:39Z,temporary_limit,yes,no,2026-07-14
RLE227,llxprt-jefe,268,https://github.com/vybestack/llxprt-jefe/pull/268#issuecomment-4958081476,2026-07-13T12:45:46Z,2026-07-13T13:59:41Z,temporary_limit,yes,yes,2026-07-14
RLE228,llxprt-jefe,271,https://github.com/vybestack/llxprt-jefe/pull/271#issuecomment-4959078144,2026-07-13T14:32:07Z,2026-07-13T14:54:48Z,temporary_limit,yes,no,2026-07-14
RLE229,llxprt-jefe,272,https://github.com/vybestack/llxprt-jefe/pull/272#issuecomment-4959285962,2026-07-13T14:52:59Z,2026-07-13T15:57:19Z,temporary_limit,yes,yes,2026-07-14
RLE230,llxprt-jefe,274,https://github.com/vybestack/llxprt-jefe/pull/274#issuecomment-4959746795,2026-07-13T15:39:39Z,2026-07-13T16:57:08Z,temporary_limit,yes,yes,2026-07-14
RLE231,llxprt-jefe,275,https://github.com/vybestack/llxprt-jefe/pull/275#issuecomment-4960507055,2026-07-13T17:01:03Z,2026-07-13T23:46:59Z,temporary_limit,yes,no,2026-07-14
RLE232,llxprt-jefe,276,https://github.com/vybestack/llxprt-jefe/pull/276#issuecomment-4960587671,2026-07-13T17:10:24Z,2026-07-13T23:27:42Z,temporary_limit,yes,yes,2026-07-14
RLE233,llxprt-code,2558,https://github.com/vybestack/llxprt-code/pull/2558#issuecomment-4960630783,2026-07-13T17:15:28Z,2026-07-13T19:24:21Z,temporary_limit,yes,no,2026-07-14
RLE234,llxprt-jefe,277,https://github.com/vybestack/llxprt-jefe/pull/277#issuecomment-4961059777,2026-07-13T18:03:46Z,2026-07-13T18:49:36Z,temporary_limit,yes,no,2026-07-14
RLE235,llxprt-jefe,278,https://github.com/vybestack/llxprt-jefe/pull/278#issuecomment-4961326478,2026-07-13T18:35:06Z,2026-07-13T23:38:01Z,temporary_limit,yes,yes,2026-07-14
RLE236,llxprt-jefe,279,https://github.com/vybestack/llxprt-jefe/pull/279#issuecomment-4961390663,2026-07-13T18:42:35Z,2026-07-13T21:15:41Z,temporary_limit,yes,no,2026-07-14
RLE237,llxprt-jefe,280,https://github.com/vybestack/llxprt-jefe/pull/280#issuecomment-4962140818,2026-07-13T20:00:05Z,2026-07-13T20:45:18Z,temporary_limit,yes,no,2026-07-14
RLE238,llxprt-jefe,281,https://github.com/vybestack/llxprt-jefe/pull/281#issuecomment-4962166447,2026-07-13T20:02:33Z,2026-07-13T20:24:13Z,temporary_limit,yes,no,2026-07-14
RLE239,llxprt-jefe,282,https://github.com/vybestack/llxprt-jefe/pull/282#issuecomment-4962206423,2026-07-13T20:07:12Z,2026-07-14T00:57:09Z,temporary_limit,yes,yes,2026-07-14
RLE240,llxprt-code,2561,https://github.com/vybestack/llxprt-code/pull/2561#issuecomment-4962274144,2026-07-13T20:15:38Z,2026-07-13T23:08:06Z,temporary_limit,yes,no,2026-07-14
RLE241,llxprt-jefe,284,https://github.com/vybestack/llxprt-jefe/pull/284#issuecomment-4963129867,2026-07-13T21:57:42Z,2026-07-13T22:54:04Z,temporary_limit,yes,yes,2026-07-14
RLE242,llxprt-jefe,285,https://github.com/vybestack/llxprt-jefe/pull/285#issuecomment-4963129898,2026-07-13T21:57:42Z,2026-07-13T22:16:54Z,temporary_limit,yes,no,2026-07-14
RLE243,llxprt-jefe,288,https://github.com/vybestack/llxprt-jefe/pull/288#issuecomment-4964256014,2026-07-14T00:44:16Z,2026-07-14T02:53:28Z,temporary_limit,yes,yes,2026-07-14
RLE244,llxprt-jefe,289,https://github.com/vybestack/llxprt-jefe/pull/289#issuecomment-4964311185,2026-07-14T00:52:16Z,2026-07-14T01:10:20Z,temporary_limit,yes,no,2026-07-14
RLE245,llxprt-jefe,290,https://github.com/vybestack/llxprt-jefe/pull/290#issuecomment-4964415854,2026-07-14T01:08:53Z,2026-07-14T02:12:22Z,temporary_limit,yes,no,2026-07-14
RLE246,llxprt-jefe,291,https://github.com/vybestack/llxprt-jefe/pull/291#issuecomment-4965261709,2026-07-14T04:00:38Z,2026-07-14T07:47:47Z,temporary_limit,yes,yes,2026-07-14
RLE247,llxprt-jefe,293,https://github.com/vybestack/llxprt-jefe/pull/293#issuecomment-4965537920,2026-07-14T04:57:52Z,2026-07-14T05:23:22Z,temporary_limit,yes,yes,2026-07-14
RLE248,llxprt-code,2565,https://github.com/vybestack/llxprt-code/pull/2565#issuecomment-4965655795,2026-07-14T05:20:14Z,2026-07-14T05:34:18Z,temporary_limit,yes,no,2026-07-14
RLE249,llxprt-jefe,294,https://github.com/vybestack/llxprt-jefe/pull/294#issuecomment-4965770717,2026-07-14T05:42:12Z,2026-07-14T15:49:13Z,temporary_limit,yes,yes,2026-07-14
RLE250,llxprt-code,2566,https://github.com/vybestack/llxprt-code/pull/2566#issuecomment-4967135331,2026-07-14T08:52:35Z,2026-07-14T14:37:03Z,temporary_limit,yes,no,2026-07-14
RLE251,llxprt-jefe,298,https://github.com/vybestack/llxprt-jefe/pull/298#issuecomment-4967776509,2026-07-14T09:51:52Z,2026-07-14T14:01:27Z,temporary_limit,yes,no,2026-07-14
RLE252,llxprt-jefe,299,https://github.com/vybestack/llxprt-jefe/pull/299#issuecomment-4968377464,2026-07-14T10:55:03Z,2026-07-14T15:55:04Z,temporary_limit,yes,yes,2026-07-14
RLE253,llxprt-code,2568,https://github.com/vybestack/llxprt-code/pull/2568#issuecomment-4970269958,2026-07-14T14:23:40Z,2026-07-14T15:55:53Z,temporary_limit,yes,no,2026-07-14
RLE254,llxprt-code,2567,https://github.com/vybestack/llxprt-code/pull/2567#issuecomment-4970341889,2026-07-14T14:30:36Z,2026-07-14T15:31:04Z,temporary_limit,yes,no,2026-07-14
RLE255,llxprt-jefe,300,https://github.com/vybestack/llxprt-jefe/pull/300#issuecomment-4970989350,2026-07-14T15:32:42Z,2026-07-14T16:35:14Z,temporary_limit,yes,yes,2026-07-14
